[A1,[A1_Low,[A1_High, B2, B2_Low, B2_High, C3, C3_Low, C3_High, A2, A2_Low, A2_High, B3, B3_Low, B3_High, A3, A3_Low, A3_High, C1, C1_Low, C1_High, B1, B1_Low, B1_High, C2], C2]_Low, C2]_High,[ADVISE,[ADVISE_Low,[ADVISE_High, VISIT, VISIT_Low, VISIT_High, TAKES], TAKES]_Low, TAKES]_High
68,0.07425742574257424,0.9257425742574258,64,0.27227722772277224,0.7277227722772278,51,0.9158415841584158,0.08415841584158429,20,0,1,64,0.27227722772277224,0.7277227722772278,85,0,1,81,0,1,62,0.37128712871287123,0.6287128712871287,51,0.9158415841584158,0.08415841584158429,0,0,1,0,0,1,1,0,1,
39,0,1,33,0,1,37,0,1,99,0,1,42,0,1,20,0,1,78,0,1,61,0.4207920792079207,0.5792079207920793,45,0,1,1,0,1,0,0,1,0,0,1,
97,0,1,14,0,1,85,0,1,35,0,1,14,0,1,1,0,1,64,0.27227722772277224,0.7277227722772278,64,0.27227722772277224,0.7277227722772278,23,0,1,0,0,1,0,0,1,1,0,1,
22,0,1,54,0.7673267326732672,0.23267326732673277,93,0,1,39,0,1,63,0.32178217821782173,0.6782178217821783,84,0,1,81,0,1,41,0,1,26,0,1,1,0,1,0,0,1,0,0,1,
77,0,1,68,0.07425742574257424,0.9257425742574258,NULL,NULL,NULL,69,0.02475247524752475,0.9752475247524752,NULL,NULL,NULL,98,0,1,NULL,NULL,NULL,80,0,1,NULL,NULL,NULL,0,0,1,0,0,1,1,0,1,
44,0,1,47,0,1,98,0,1,77,0,1,73,0,1,1,0,1,19,0,1,53,0.8168316831683167,0.18316831683168328,9,0,1,0,0,1,1,0,1,0,0,1,
48,0,1,71,0,1,NULL,NULL,NULL,91,0,1,NULL,NULL,NULL,86,0,1,NULL,NULL,NULL,10,0,1,NULL,NULL,NULL,0,0,1,1,0,1,0,0,1,
78,0,1,0,0,1,55,0.7178217821782177,0.28217821782178226,6,0,1,59,0.5198019801980197,0.4801980198019803,31,0,1,76,0,1,54,0.7673267326732672,0.23267326732673277,47,0,1,0,0,1,0,0,1,1,0,1,
11,0,1,20,0,1,78,0,1,57,0.6188118811881187,0.38118811881188125,56,0.6683168316831682,0.33168316831683176,81,0,1,43,0,1,93,0,1,56,0.6683168316831682,0.33168316831683176,0,0,1,0,0,1,1,0,1,
71,0,1,76,0,1,NULL,NULL,NULL,83,0,1,3,0,1,31,0,1,NULL,NULL,NULL,91,0,1,NULL,NULL,NULL,0,0,1,0,0,1,1,0,1,
58,0.5693069306930693,0.4306930693069308,31,0,1,73,0,1,38,0,1,86,0,1,100,0,1,26,0,1,82,0,1,28,0,1,0,0,1,1,0,1,0,0,1,
14,0,1,67,0.12376237623762375,0.8762376237623762,20,0,1,90,0,1,25,0,1,80,0,1,88,0,1,52,0.8663366336633662,0.13366336633663378,13,0,1,1,0,1,0,0,1,0,0,1,
31,0,1,45,0,1,NULL,NULL,NULL,63,0.32178217821782173,0.6782178217821783,75,0,1,36,0,1,NULL,NULL,NULL,2,0,1,NULL,NULL,NULL,1,0,1,0,0,1,0,0,1,
15,0,1,64,0.27227722772277224,0.7277227722772278,61,0.4207920792079207,0.5792079207920793,100,0,1,94,0,1,81,0,1,8,0,1,51,0.9158415841584158,0.08415841584158429,58,0.5693069306930693,0.4306930693069308,0,0,1,0,0,1,1,0,1,
45,0,1,67,0.12376237623762375,0.8762376237623762,89,0,1,90,0,1,72,0,1,24,0,1,14,0,1,22,0,1,54,0.7673267326732672,0.23267326732673277,0,0,1,1,0,1,0,0,1,
85,0,1,48,0,1,88,0,1,95,0,1,50,0.9653465346534652,0.03465346534653479,52,0.8663366336633662,0.13366336633663378,10,0,1,98,0,1,3,0,1,0,0,1,0,0,1,1,0,1,
7,0,1,NULL,NULL,NULL,NULL,NULL,NULL,58,0.5693069306930693,0.4306930693069308,NULL,NULL,NULL,95,0,1,NULL,NULL,NULL,NULL,NULL,NULL,NULL,NULL,NULL,0,0,1,0,0,1,1,0,1,
64,0.27227722772277224,0.7277227722772278,NULL,NULL,NULL,NULL,NULL,NULL,92,0,1,NULL,NULL,NULL,48,0,1,NULL,NULL,NULL,NULL,NULL,NULL,NULL,NULL,NULL,0,0,1,0,0,1,1,0,1,
81,0,1,72,0,1,NULL,NULL,NULL,68,0.07425742574257424,0.9257425742574258,61,0.4207920792079207,0.5792079207920793,96,0,1,NULL,NULL,NULL,87,0,1,NULL,NULL,NULL,1,0,1,0,0,1,0,0,1,
49,0,1,NULL,NULL,NULL,NULL,NULL,NULL,84,0,1,NULL,NULL,NULL,40,0,1,NULL,NULL,NULL,NULL,NULL,NULL,NULL,NULL,NULL,0,0,1,1,0,1,0,0,1,
36,0,1,21,0,1,NULL,NULL,NULL,95,0,1,54,0.7673267326732672,0.23267326732673277,8,0,1,NULL,NULL,NULL,23,0,1,NULL,NULL,NULL,1,0,1,0,0,1,0,0,1,
55,0.7178217821782177,0.28217821782178226,96,0,1,35,0,1,59,0.5198019801980197,0.4801980198019803,85,0,1,89,0,1,6,0,1,37,0,1,32,0,1,0,0,1,0,0,1,1,0,1,
15,0,1,18,0,1,43,0,1,30,0,1,91,0,1,87,0,1,31,0,1,24,0,1,52,0.8663366336633662,0.13366336633663378,1,0,1,0,0,1,0,0,1,
52,0.8663366336633662,0.13366336633663378,26,0,1,NULL,NULL,NULL,16,0,1,25,0,1,76,0,1,NULL,NULL,NULL,74,0,1,NULL,NULL,NULL,0,0,1,0,0,1,1,0,1,
44,0,1,2,0,1,39,0,1,50,0.9653465346534652,0.03465346534653479,22,0,1,51,0.9158415841584158,0.08415841584158429,79,0,1,55,0.7178217821782177,0.28217821782178226,73,0,1,0,0,1,0,0,1,1,0,1,
69,0.02475247524752475,0.9752475247524752,NULL,NULL,NULL,NULL,NULL,NULL,20,0,1,NULL,NULL,NULL,26,0,1,NULL,NULL,NULL,NULL,NULL,NULL,NULL,NULL,NULL,0,0,1,1,0,1,0,0,1,
86,0,1,40,0,1,61,0.4207920792079207,0.5792079207920793,84,0,1,10,0,1,37,0,1,75,0,1,23,0,1,29,0,1,0,0,1,1,0,1,0,0,1,
24,0,1,40,0,1,NULL,NULL,NULL,52,0.8663366336633662,0.13366336633663378,49,0,1,76,0,1,26,0,1,10,0,1,NULL,NULL,NULL,1,0,1,0,0,1,0,0,1,
57,0.6188118811881187,0.38118811881188125,71,0,1,NULL,NULL,NULL,95,0,1,NULL,NULL,NULL,69,0.02475247524752475,0.9752475247524752,NULL,NULL,NULL,67,0.12376237623762375,0.8762376237623762,NULL,NULL,NULL,1,0,1,0,0,1,0,0,1,
55,0.7178217821782177,0.28217821782178226,76,0,1,46,0,1,43,0,1,81,0,1,26,0,1,17,0,1,94,0,1,83,0,1,0,0,1,0,0,1,1,0,1,
39,0,1,74,0,1,97,0,1,47,0,1,2,0,1,37,0,1,69,0.02475247524752475,0.9752475247524752,71,0,1,44,0,1,1,0,1,0,0,1,0,0,1,
82,0,1,NULL,NULL,NULL,NULL,NULL,NULL,9,0,1,NULL,NULL,NULL,16,0,1,NULL,NULL,NULL,41,0,1,NULL,NULL,NULL,1,0,1,0,0,1,0,0,1,
53,0.8168316831683167,0.18316831683168328,80,0,1,26,0,1,32,0,1,54,0.7673267326732672,0.23267326732673277,82,0,1,0,0,1,82,0,1,87,0,1,1,0,1,0,0,1,0,0,1,
11,0,1,NULL,NULL,NULL,NULL,NULL,NULL,81,0,1,NULL,NULL,NULL,18,0,1,NULL,NULL,NULL,4,0,1,NULL,NULL,NULL,0,0,1,0,0,1,1,0,1,
77,0,1,27,0,1,6,0,1,93,0,1,77,0,1,71,0,1,99,0,1,93,0,1,15,0,1,1,0,1,0,0,1,0,0,1,
29,0,1,97,0,1,NULL,NULL,NULL,11,0,1,51,0.9158415841584158,0.08415841584158429,66,0.17326732673267325,0.8267326732673268,NULL,NULL,NULL,55,0.7178217821782177,0.28217821782178226,NULL,NULL,NULL,0,0,1,0,0,1,1,0,1,
72,0,1,26,0,1,NULL,NULL,NULL,78,0,1,72,0,1,30,0,1,12,0,1,88,0,1,28,0,1,0,0,1,1,0,1,0,0,1,
70,0,1,34,0,1,47,0,1,96,0,1,19,0,1,32,0,1,33,0,1,0,0,1,50,0.9653465346534652,0.03465346534653479,0,0,1,1,0,1,0,0,1,
86,0,1,9,0,1,4,0,1,34,0,1,65,0.22277227722772275,0.7772277227722773,65,0.22277227722772275,0.7772277227722773,7,0,1,26,0,1,48,0,1,0,0,1,0,0,1,1,0,1,
23,0,1,73,0,1,92,0,1,9,0,1,59,0.5198019801980197,0.4801980198019803,71,0,1,28,0,1,48,0,1,36,0,1,0,0,1,1,0,1,0,0,1,
96,0,1,6,0,1,NULL,NULL,NULL,33,0,1,NULL,NULL,NULL,64,0.27227722772277224,0.7277227722772278,NULL,NULL,NULL,73,0,1,NULL,NULL,NULL,0,0,1,0,0,1,1,0,1,
39,0,1,96,0,1,NULL,NULL,NULL,96,0,1,85,0,1,81,0,1,35,0,1,46,0,1,89,0,1,1,0,1,0,0,1,0,0,1,
4,0,1,64,0.27227722772277224,0.7277227722772278,NULL,NULL,NULL,17,0,1,NULL,NULL,NULL,42,0,1,NULL,NULL,NULL,96,0,1,NULL,NULL,NULL,0,0,1,1,0,1,0,0,1,
11,0,1,NULL,NULL,NULL,NULL,NULL,NULL,68,0.07425742574257424,0.9257425742574258,NULL,NULL,NULL,92,0,1,NULL,NULL,NULL,NULL,NULL,NULL,NULL,NULL,NULL,1,0,1,0,0,1,0,0,1,
42,0,1,NULL,NULL,NULL,NULL,NULL,NULL,99,0,1,NULL,NULL,NULL,64,0.27227722772277224,0.7277227722772278,NULL,NULL,NULL,58,0.5693069306930693,0.4306930693069308,NULL,NULL,NULL,0,0,1,1,0,1,0,0,1,
10,0,1,56,0.6683168316831682,0.33168316831683176,NULL,NULL,NULL,96,0,1,NULL,NULL,NULL,93,0,1,NULL,NULL,NULL,85,0,1,NULL,NULL,NULL,0,0,1,0,0,1,1,0,1,
35,0,1,94,0,1,62,0.37128712871287123,0.6287128712871287,46,0,1,20,0,1,32,0,1,48,0,1,93,0,1,75,0,1,1,0,1,0,0,1,0,0,1,
92,0,1,NULL,NULL,NULL,NULL,NULL,NULL,87,0,1,NULL,NULL,NULL,21,0,1,NULL,NULL,NULL,53,0.8168316831683167,0.18316831683168328,NULL,NULL,NULL,0,0,1,0,0,1,1,0,1,
91,0,1,91,0,1,NULL,NULL,NULL,88,0,1,44,0,1,4,0,1,85,0,1,74,0,1,39,0,1,1,0,1,0,0,1,0,0,1,
23,0,1,52,0.8663366336633662,0.13366336633663378,NULL,NULL,NULL,80,0,1,NULL,NULL,NULL,46,0,1,NULL,NULL,NULL,41,0,1,NULL,NULL,NULL,0,0,1,1,0,1,0,0,1,
67,0.12376237623762375,0.8762376237623762,63,0.32178217821782173,0.6782178217821783,31,0,1,44,0,1,17,0,1,21,0,1,84,0,1,59,0.5198019801980197,0.4801980198019803,51,0.9158415841584158,0.08415841584158429,1,0,1,0,0,1,0,0,1,
35,0,1,NULL,NULL,NULL,NULL,NULL,NULL,59,0.5198019801980197,0.4801980198019803,NULL,NULL,NULL,46,0,1,NULL,NULL,NULL,37,0,1,NULL,NULL,NULL,0,0,1,0,0,1,1,0,1,
68,0.07425742574257424,0.9257425742574258,81,0,1,50,0.9653465346534652,0.03465346534653479,83,0,1,77,0,1,51,0.9158415841584158,0.08415841584158429,97,0,1,7,0,1,39,0,1,0,0,1,0,0,1,1,0,1,
65,0.22277227722772275,0.7772277227722773,54,0.7673267326732672,0.23267326732673277,82,0,1,62,0.37128712871287123,0.6287128712871287,29,0,1,34,0,1,47,0,1,29,0,1,52,0.8663366336633662,0.13366336633663378,1,0,1,0,0,1,0,0,1,
1,0,1,67,0.12376237623762375,0.8762376237623762,NULL,NULL,NULL,25,0,1,NULL,NULL,NULL,40,0,1,NULL,NULL,NULL,79,0,1,NULL,NULL,NULL,1,0,1,0,0,1,0,0,1,
94,0,1,NULL,NULL,NULL,NULL,NULL,NULL,84,0,1,NULL,NULL,NULL,78,0,1,NULL,NULL,NULL,19,0,1,NULL,NULL,NULL,0,0,1,0,0,1,1,0,1,
56,0.6683168316831682,0.33168316831683176,34,0,1,67,0.12376237623762375,0.8762376237623762,54,0.7673267326732672,0.23267326732673277,60,0.4702970297029702,0.5297029702970297,15,0,1,36,0,1,30,0,1,45,0,1,0,0,1,0,0,1,1,0,1,
73,0,1,36,0,1,37,0,1,17,0,1,47,0,1,89,0,1,44,0,1,88,0,1,83,0,1,0,0,1,1,0,1,0,0,1,
65,0.22277227722772275,0.7772277227722773,67,0.12376237623762375,0.8762376237623762,NULL,NULL,NULL,83,0,1,42,0,1,11,0,1,NULL,NULL,NULL,18,0,1,NULL,NULL,NULL,1,0,1,0,0,1,0,0,1,
43,0,1,3,0,1,70,0,1,54,0.7673267326732672,0.23267326732673277,52,0.8663366336633662,0.13366336633663378,81,0,1,9,0,1,34,0,1,60,0.4702970297029702,0.5297029702970297,0,0,1,1,0,1,0,0,1,
91,0,1,16,0,1,NULL,NULL,NULL,67,0.12376237623762375,0.8762376237623762,NULL,NULL,NULL,35,0,1,NULL,NULL,NULL,52,0.8663366336633662,0.13366336633663378,NULL,NULL,NULL,1,0,1,0,0,1,0,0,1,
58,0.5693069306930693,0.4306930693069308,9,0,1,77,0,1,38,0,1,97,0,1,34,0,1,24,0,1,96,0,1,93,0,1,0,0,1,0,0,1,1,0,1,
75,0,1,23,0,1,98,0,1,19,0,1,37,0,1,77,0,1,6,0,1,53,0.8168316831683167,0.18316831683168328,84,0,1,1,0,1,0,0,1,0,0,1,
64,0.27227722772277224,0.7277227722772278,98,0,1,36,0,1,53,0.8168316831683167,0.18316831683168328,40,0,1,72,0,1,93,0,1,39,0,1,85,0,1,0,0,1,1,0,1,0,0,1,
53,0.8168316831683167,0.18316831683168328,93,0,1,NULL,NULL,NULL,82,0,1,34,0,1,100,0,1,65,0.22277227722772275,0.7772277227722773,25,0,1,58,0.5693069306930693,0.4306930693069308,0,0,1,0,0,1,1,0,1,
24,0,1,1,0,1,NULL,NULL,NULL,40,0,1,53,0.8168316831683167,0.18316831683168328,95,0,1,NULL,NULL,NULL,9,0,1,NULL,NULL,NULL,1,0,1,0,0,1,0,0,1,
30,0,1,58,0.5693069306930693,0.4306930693069308,NULL,NULL,NULL,92,0,1,NULL,NULL,NULL,68,0.07425742574257424,0.9257425742574258,NULL,NULL,NULL,52,0.8663366336633662,0.13366336633663378,NULL,NULL,NULL,1,0,1,0,0,1,0,0,1,
64,0.27227722772277224,0.7277227722772278,20,0,1,NULL,NULL,NULL,90,0,1,NULL,NULL,NULL,64,0.27227722772277224,0.7277227722772278,NULL,NULL,NULL,41,0,1,NULL,NULL,NULL,0,0,1,1,0,1,0,0,1,
91,0,1,51,0.9158415841584158,0.08415841584158429,47,0,1,45,0,1,61,0.4207920792079207,0.5792079207920793,12,0,1,25,0,1,67,0.12376237623762375,0.8762376237623762,84,0,1,1,0,1,0,0,1,0,0,1,
24,0,1,NULL,NULL,NULL,NULL,NULL,NULL,99,0,1,NULL,NULL,NULL,100,0,1,NULL,NULL,NULL,NULL,NULL,NULL,NULL,NULL,NULL,0,0,1,1,0,1,0,0,1,
46,0,1,2,0,1,90,0,1,13,0,1,85,0,1,77,0,1,45,0,1,42,0,1,58,0.5693069306930693,0.4306930693069308,1,0,1,0,0,1,0,0,1,
76,0,1,13,0,1,76,0,1,69,0.02475247524752475,0.9752475247524752,68,0.07425742574257424,0.9257425742574258,59,0.5198019801980197,0.4801980198019803,59,0.5198019801980197,0.4801980198019803,97,0,1,33,0,1,0,0,1,0,0,1,1,0,1,
66,0.17326732673267325,0.8267326732673268,75,0,1,30,0,1,25,0,1,23,0,1,79,0,1,98,0,1,81,0,1,38,0,1,1,0,1,0,0,1,0,0,1,
90,0,1,91,0,1,NULL,NULL,NULL,63,0.32178217821782173,0.6782178217821783,94,0,1,60,0.4702970297029702,0.5297029702970297,NULL,NULL,NULL,66,0.17326732673267325,0.8267326732673268,NULL,NULL,NULL,0,0,1,0,0,1,1,0,1,
73,0,1,42,0,1,18,0,1,74,0,1,91,0,1,43,0,1,4,0,1,31,0,1,76,0,1,0,0,1,1,0,1,0,0,1,
59,0.5198019801980197,0.4801980198019803,42,0,1,90,0,1,96,0,1,64,0.27227722772277224,0.7277227722772278,89,0,1,41,0,1,90,0,1,29,0,1,0,0,1,0,0,1,1,0,1,
41,0,1,97,0,1,52,0.8663366336633662,0.13366336633663378,45,0,1,25,0,1,95,0,1,78,0,1,81,0,1,100,0,1,1,0,1,0,0,1,0,0,1,
89,0,1,50,0.9653465346534652,0.03465346534653479,NULL,NULL,NULL,48,0,1,27,0,1,58,0.5693069306930693,0.4306930693069308,45,0,1,2,0,1,NULL,NULL,NULL,0,0,1,0,0,1,1,0,1,
33,0,1,20,0,1,92,0,1,95,0,1,44,0,1,23,0,1,12,0,1,50,0.9653465346534652,0.03465346534653479,81,0,1,0,0,1,0,0,1,1,0,1,
18,0,1,NULL,NULL,NULL,NULL,NULL,NULL,62,0.37128712871287123,0.6287128712871287,NULL,NULL,NULL,89,0,1,NULL,NULL,NULL,33,0,1,NULL,NULL,NULL,0,0,1,1,0,1,0,0,1,
41,0,1,NULL,NULL,NULL,NULL,NULL,NULL,95,0,1,NULL,NULL,NULL,60,0.4702970297029702,0.5297029702970297,NULL,NULL,NULL,39,0,1,NULL,NULL,NULL,0,0,1,1,0,1,0,0,1,
41,0,1,83,0,1,NULL,NULL,NULL,12,0,1,NULL,NULL,NULL,85,0,1,NULL,NULL,NULL,61,0.4207920792079207,0.5792079207920793,NULL,NULL,NULL,0,0,1,0,0,1,1,0,1,
77,0,1,NULL,NULL,NULL,NULL,NULL,NULL,51,0.9158415841584158,0.08415841584158429,NULL,NULL,NULL,92,0,1,NULL,NULL,NULL,96,0,1,NULL,NULL,NULL,0,0,1,1,0,1,0,0,1,
42,0,1,31,0,1,38,0,1,60,0.4702970297029702,0.5297029702970297,52,0.8663366336633662,0.13366336633663378,35,0,1,27,0,1,40,0,1,66,0.17326732673267325,0.8267326732673268,1,0,1,0,0,1,0,0,1,
45,0,1,NULL,NULL,NULL,NULL,NULL,NULL,74,0,1,NULL,NULL,NULL,4,0,1,NULL,NULL,NULL,93,0,1,NULL,NULL,NULL,0,0,1,0,0,1,1,0,1,
5,0,1,NULL,NULL,NULL,NULL,NULL,NULL,87,0,1,NULL,NULL,NULL,58,0.5693069306930693,0.4306930693069308,NULL,NULL,NULL,NULL,NULL,NULL,NULL,NULL,NULL,1,0,1,0,0,1,0,0,1,
40,0,1,50,0.9653465346534652,0.03465346534653479,NULL,NULL,NULL,46,0,1,NULL,NULL,NULL,12,0,1,NULL,NULL,NULL,77,0,1,NULL,NULL,NULL,0,0,1,1,0,1,0,0,1,
67,0.12376237623762375,0.8762376237623762,40,0,1,NULL,NULL,NULL,82,0,1,73,0,1,85,0,1,NULL,NULL,NULL,27,0,1,NULL,NULL,NULL,1,0,1,0,0,1,0,0,1,
28,0,1,22,0,1,33,0,1,44,0,1,47,0,1,93,0,1,0,0,1,49,0,1,91,0,1,0,0,1,0,0,1,1,0,1,
64,0.27227722772277224,0.7277227722772278,NULL,NULL,NULL,NULL,NULL,NULL,8,0,1,NULL,NULL,NULL,10,0,1,NULL,NULL,NULL,NULL,NULL,NULL,NULL,NULL,NULL,0,0,1,0,0,1,1,0,1,
70,0,1,38,0,1,75,0,1,22,0,1,23,0,1,48,0,1,59,0.5198019801980197,0.4801980198019803,85,0,1,22,0,1,0,0,1,1,0,1,0,0,1,
82,0,1,71,0,1,16,0,1,27,0,1,96,0,1,61,0.4207920792079207,0.5792079207920793,65,0.22277227722772275,0.7772277227722773,19,0,1,57,0.6188118811881187,0.38118811881188125,1,0,1,0,0,1,0,0,1,
83,0,1,98,0,1,NULL,NULL,NULL,71,0,1,NULL,NULL,NULL,4,0,1,NULL,NULL,NULL,49,0,1,NULL,NULL,NULL,0,0,1,0,0,1,1,0,1,
69,0.02475247524752475,0.9752475247524752,47,0,1,90,0,1,85,0,1,13,0,1,80,0,1,17,0,1,85,0,1,41,0,1,0,0,1,1,0,1,0,0,1,
94,0,1,48,0,1,12,0,1,11,0,1,59,0.5198019801980197,0.4801980198019803,5,0,1,62,0.37128712871287123,0.6287128712871287,5,0,1,1,0,1,1,0,1,0,0,1,0,0,1,
90,0,1,62,0.37128712871287123,0.6287128712871287,86,0,1,52,0.8663366336633662,0.13366336633663378,51,0.9158415841584158,0.08415841584158429,57,0.6188118811881187,0.38118811881188125,49,0,1,7,0,1,55,0.7178217821782177,0.28217821782178226,0,0,1,0,0,1,1,0,1,
3,0,1,NULL,NULL,NULL,NULL,NULL,NULL,9,0,1,NULL,NULL,NULL,36,0,1,NULL,NULL,NULL,12,0,1,NULL,NULL,NULL,0,0,1,1,0,1,0,0,1,
5,0,1,82,0,1,22,0,1,51,0.9158415841584158,0.08415841584158429,66,0.17326732673267325,0.8267326732673268,28,0,1,48,0,1,75,0,1,8,0,1,1,0,1,0,0,1,0,0,1,
71,0,1,49,0,1,21,0,1,22,0,1,49,0,1,91,0,1,37,0,1,63,0.32178217821782173,0.6782178217821783,94,0,1,0,0,1,1,0,1,0,0,1,
59,0.5198019801980197,0.4801980198019803,45,0,1,0,0,1,46,0,1,92,0,1,97,0,1,39,0,1,3,0,1,18,0,1,1,0,1,0,0,1,0,0,1,
25,0,1,99,0,1,NULL,NULL,NULL,91,0,1,42,0,1,31,0,1,NULL,NULL,NULL,10,0,1,NULL,NULL,NULL,0,0,1,0,0,1,1,0,1,
49,0,1,73,0,1,15,0,1,60,0.4702970297029702,0.5297029702970297,35,0,1,34,0,1,28,0,1,2,0,1,57,0.6188118811881187,0.38118811881188125,0,0,1,0,0,1,1,0,1,
17,0,1,NULL,NULL,NULL,NULL,NULL,NULL,61,0.4207920792079207,0.5792079207920793,NULL,NULL,NULL,52,0.8663366336633662,0.13366336633663378,NULL,NULL,NULL,NULL,NULL,NULL,NULL,NULL,NULL,0,0,1,1,0,1,0,0,1,
21,0,1,22,0,1,NULL,NULL,NULL,2,0,1,NULL,NULL,NULL,20,0,1,NULL,NULL,NULL,13,0,1,NULL,NULL,NULL,0,0,1,0,0,1,1,0,1,
2,0,1,29,0,1,37,0,1,67,0.12376237623762375,0.8762376237623762,97,0,1,77,0,1,22,0,1,36,0,1,85,0,1,0,0,1,1,0,1,0,0,1,
51,0.9158415841584158,0.08415841584158429,39,0,1,NULL,NULL,NULL,63,0.32178217821782173,0.6782178217821783,NULL,NULL,NULL,85,0,1,NULL,NULL,NULL,34,0,1,NULL,NULL,NULL,1,0,1,0,0,1,0,0,1,
38,0,1,89,0,1,25,0,1,43,0,1,54,0.7673267326732672,0.23267326732673277,10,0,1,7,0,1,68,0.07425742574257424,0.9257425742574258,59,0.5198019801980197,0.4801980198019803,0,0,1,1,0,1,0,0,1,
29,0,1,22,0,1,NULL,NULL,NULL,29,0,1,85,0,1,62,0.37128712871287123,0.6287128712871287,85,0,1,33,0,1,NULL,NULL,NULL,0,0,1,1,0,1,0,0,1,
86,0,1,49,0,1,59,0.5198019801980197,0.4801980198019803,39,0,1,75,0,1,39,0,1,18,0,1,64,0.27227722772277224,0.7277227722772278,17,0,1,0,0,1,0,0,1,1,0,1,
18,0,1,33,0,1,NULL,NULL,NULL,22,0,1,36,0,1,7,0,1,67,0.12376237623762375,0.8762376237623762,36,0,1,26,0,1,1,0,1,0,0,1,0,0,1,
90,0,1,37,0,1,52,0.8663366336633662,0.13366336633663378,67,0.12376237623762375,0.8762376237623762,92,0,1,65,0.22277227722772275,0.7772277227722773,69,0.02475247524752475,0.9752475247524752,28,0,1,73,0,1,0,0,1,0,0,1,1,0,1,
33,0,1,68,0.07425742574257424,0.9257425742574258,48,0,1,13,0,1,80,0,1,29,0,1,28,0,1,35,0,1,100,0,1,1,0,1,0,0,1,0,0,1,
89,0,1,NULL,NULL,NULL,NULL,NULL,NULL,52,0.8663366336633662,0.13366336633663378,NULL,NULL,NULL,17,0,1,NULL,NULL,NULL,12,0,1,NULL,NULL,NULL,0,0,1,0,0,1,1,0,1,
67,0.12376237623762375,0.8762376237623762,60,0.4702970297029702,0.5297029702970297,40,0,1,1,0,1,41,0,1,0,0,1,7,0,1,89,0,1,96,0,1,0,0,1,1,0,1,0,0,1,
14,0,1,53,0.8168316831683167,0.18316831683168328,69,0.02475247524752475,0.9752475247524752,85,0,1,71,0,1,36,0,1,70,0,1,13,0,1,12,0,1,0,0,1,0,0,1,1,0,1,
68,0.07425742574257424,0.9257425742574258,NULL,NULL,NULL,NULL,NULL,NULL,25,0,1,NULL,NULL,NULL,88,0,1,NULL,NULL,NULL,NULL,NULL,NULL,NULL,NULL,NULL,0,0,1,1,0,1,0,0,1,
51,0.9158415841584158,0.08415841584158429,NULL,NULL,NULL,NULL,NULL,NULL,74,0,1,NULL,NULL,NULL,49,0,1,NULL,NULL,NULL,46,0,1,NULL,NULL,NULL,0,0,1,0,0,1,1,0,1,
64,0.27227722772277224,0.7277227722772278,65,0.22277227722772275,0.7772277227722773,NULL,NULL,NULL,75,0,1,NULL,NULL,NULL,27,0,1,NULL,NULL,NULL,16,0,1,NULL,NULL,NULL,0,0,1,1,0,1,0,0,1,
41,0,1,88,0,1,53,0.8168316831683167,0.18316831683168328,53,0.8168316831683167,0.18316831683168328,51,0.9158415841584158,0.08415841584158429,100,0,1,67,0.12376237623762375,0.8762376237623762,27,0,1,0,0,1,1,0,1,0,0,1,0,0,1,
24,0,1,97,0,1,NULL,NULL,NULL,70,0,1,73,0,1,5,0,1,54,0.7673267326732672,0.23267326732673277,82,0,1,NULL,NULL,NULL,0,0,1,1,0,1,0,0,1,
14,0,1,70,0,1,70,0,1,98,0,1,79,0,1,74,0,1,97,0,1,45,0,1,14,0,1,1,0,1,0,0,1,0,0,1,
67,0.12376237623762375,0.8762376237623762,43,0,1,78,0,1,34,0,1,90,0,1,37,0,1,99,0,1,16,0,1,18,0,1,0,0,1,0,0,1,1,0,1,
29,0,1,NULL,NULL,NULL,NULL,NULL,NULL,39,0,1,NULL,NULL,NULL,70,0,1,NULL,NULL,NULL,44,0,1,NULL,NULL,NULL,0,0,1,1,0,1,0,0,1,
25,0,1,50,0.9653465346534652,0.03465346534653479,NULL,NULL,NULL,26,0,1,NULL,NULL,NULL,89,0,1,NULL,NULL,NULL,74,0,1,NULL,NULL,NULL,0,0,1,0,0,1,1,0,1,
74,0,1,74,0,1,NULL,NULL,NULL,48,0,1,78,0,1,12,0,1,NULL,NULL,NULL,80,0,1,NULL,NULL,NULL,1,0,1,0,0,1,0,0,1,
77,0,1,32,0,1,77,0,1,58,0.5693069306930693,0.4306930693069308,33,0,1,88,0,1,84,0,1,96,0,1,9,0,1,0,0,1,0,0,1,1,0,1,
21,0,1,7,0,1,44,0,1,40,0,1,28,0,1,30,0,1,26,0,1,76,0,1,12,0,1,0,0,1,0,0,1,1,0,1,
79,0,1,95,0,1,NULL,NULL,NULL,77,0,1,46,0,1,87,0,1,NULL,NULL,NULL,27,0,1,NULL,NULL,NULL,0,0,1,0,0,1,1,0,1,
100,0,1,9,0,1,29,0,1,60,0.4702970297029702,0.5297029702970297,89,0,1,28,0,1,7,0,1,87,0,1,93,0,1,0,0,1,0,0,1,1,0,1,
61,0.4207920792079207,0.5792079207920793,42,0,1,34,0,1,94,0,1,33,0,1,87,0,1,8,0,1,89,0,1,4,0,1,1,0,1,0,0,1,0,0,1,
1,0,1,33,0,1,95,0,1,91,0,1,19,0,1,83,0,1,85,0,1,36,0,1,61,0.4207920792079207,0.5792079207920793,0,0,1,0,0,1,1,0,1,
82,0,1,38,0,1,52,0.8663366336633662,0.13366336633663378,55,0.7178217821782177,0.28217821782178226,11,0,1,10,0,1,41,0,1,78,0,1,72,0,1,1,0,1,0,0,1,0,0,1,
67,0.12376237623762375,0.8762376237623762,79,0,1,8,0,1,17,0,1,20,0,1,20,0,1,43,0,1,70,0,1,51,0.9158415841584158,0.08415841584158429,0,0,1,1,0,1,0,0,1,
87,0,1,99,0,1,100,0,1,42,0,1,1,0,1,87,0,1,47,0,1,94,0,1,99,0,1,0,0,1,0,0,1,1,0,1,
88,0,1,NULL,NULL,NULL,NULL,NULL,NULL,97,0,1,NULL,NULL,NULL,29,0,1,NULL,NULL,NULL,NULL,NULL,NULL,NULL,NULL,NULL,0,0,1,0,0,1,1,0,1,
0,0,1,20,0,1,11,0,1,48,0,1,10,0,1,16,0,1,28,0,1,31,0,1,79,0,1,0,0,1,1,0,1,0,0,1,
6,0,1,NULL,NULL,NULL,NULL,NULL,NULL,91,0,1,NULL,NULL,NULL,40,0,1,NULL,NULL,NULL,68,0.07425742574257424,0.9257425742574258,NULL,NULL,NULL,0,0,1,1,0,1,0,0,1,
8,0,1,51,0.9158415841584158,0.08415841584158429,84,0,1,24,0,1,29,0,1,36,0,1,78,0,1,68,0.07425742574257424,0.9257425742574258,88,0,1,0,0,1,1,0,1,0,0,1,
48,0,1,95,0,1,56,0.6683168316831682,0.33168316831683176,58,0.5693069306930693,0.4306930693069308,65,0.22277227722772275,0.7772277227722773,41,0,1,8,0,1,46,0,1,46,0,1,1,0,1,0,0,1,0,0,1,
96,0,1,84,0,1,NULL,NULL,NULL,12,0,1,NULL,NULL,NULL,31,0,1,NULL,NULL,NULL,55,0.7178217821782177,0.28217821782178226,NULL,NULL,NULL,1,0,1,0,0,1,0,0,1,
97,0,1,68,0.07425742574257424,0.9257425742574258,89,0,1,70,0,1,77,0,1,39,0,1,73,0,1,96,0,1,77,0,1,0,0,1,0,0,1,1,0,1,
2,0,1,50,0.9653465346534652,0.03465346534653479,88,0,1,15,0,1,53,0.8168316831683167,0.18316831683168328,34,0,1,92,0,1,41,0,1,33,0,1,0,0,1,0,0,1,1,0,1,
30,0,1,7,0,1,65,0.22277227722772275,0.7772277227722773,80,0,1,61,0.4207920792079207,0.5792079207920793,7,0,1,14,0,1,66,0.17326732673267325,0.8267326732673268,78,0,1,1,0,1,0,0,1,0,0,1,
37,0,1,59,0.5198019801980197,0.4801980198019803,28,0,1,68,0.07425742574257424,0.9257425742574258,100,0,1,33,0,1,36,0,1,45,0,1,44,0,1,0,0,1,1,0,1,0,0,1,
22,0,1,NULL,NULL,NULL,NULL,NULL,NULL,90,0,1,NULL,NULL,NULL,61,0.4207920792079207,0.5792079207920793,NULL,NULL,NULL,8,0,1,NULL,NULL,NULL,1,0,1,0,0,1,0,0,1,
52,0.8663366336633662,0.13366336633663378,NULL,NULL,NULL,NULL,NULL,NULL,50,0.9653465346534652,0.03465346534653479,NULL,NULL,NULL,52,0.8663366336633662,0.13366336633663378,NULL,NULL,NULL,100,0,1,NULL,NULL,NULL,0,0,1,1,0,1,0,0,1,
72,0,1,88,0,1,87,0,1,44,0,1,19,0,1,77,0,1,64,0.27227722772277224,0.7277227722772278,65,0.22277227722772275,0.7772277227722773,79,0,1,1,0,1,0,0,1,0,0,1,
84,0,1,35,0,1,53,0.8168316831683167,0.18316831683168328,98,0,1,92,0,1,1,0,1,63,0.32178217821782173,0.6782178217821783,41,0,1,56,0.6683168316831682,0.33168316831683176,0,0,1,0,0,1,1,0,1,
51,0.9158415841584158,0.08415841584158429,47,0,1,86,0,1,24,0,1,34,0,1,42,0,1,72,0,1,4,0,1,21,0,1,0,0,1,1,0,1,0,0,1,
10,0,1,47,0,1,58,0.5693069306930693,0.4306930693069308,90,0,1,45,0,1,17,0,1,49,0,1,66,0.17326732673267325,0.8267326732673268,70,0,1,0,0,1,1,0,1,0,0,1,
99,0,1,90,0,1,NULL,NULL,NULL,37,0,1,96,0,1,70,0,1,NULL,NULL,NULL,15,0,1,NULL,NULL,NULL,1,0,1,0,0,1,0,0,1,
31,0,1,76,0,1,13,0,1,85,0,1,16,0,1,21,0,1,70,0,1,48,0,1,14,0,1,1,0,1,0,0,1,0,0,1,
68,0.07425742574257424,0.9257425742574258,48,0,1,87,0,1,26,0,1,68,0.07425742574257424,0.9257425742574258,36,0,1,54,0.7673267326732672,0.23267326732673277,14,0,1,4,0,1,0,0,1,1,0,1,0,0,1,
12,0,1,28,0,1,71,0,1,87,0,1,81,0,1,54,0.7673267326732672,0.23267326732673277,75,0,1,5,0,1,25,0,1,0,0,1,0,0,1,1,0,1,
11,0,1,75,0,1,NULL,NULL,NULL,38,0,1,43,0,1,57,0.6188118811881187,0.38118811881188125,NULL,NULL,NULL,85,0,1,NULL,NULL,NULL,0,0,1,1,0,1,0,0,1,
82,0,1,55,0.7178217821782177,0.28217821782178226,69,0.02475247524752475,0.9752475247524752,62,0.37128712871287123,0.6287128712871287,5,0,1,82,0,1,55,0.7178217821782177,0.28217821782178226,93,0,1,65,0.22277227722772275,0.7772277227722773,0,0,1,1,0,1,0,0,1,
47,0,1,NULL,NULL,NULL,NULL,NULL,NULL,55,0.7178217821782177,0.28217821782178226,NULL,NULL,NULL,91,0,1,NULL,NULL,NULL,33,0,1,NULL,NULL,NULL,1,0,1,0,0,1,0,0,1,
14,0,1,14,0,1,NULL,NULL,NULL,20,0,1,54,0.7673267326732672,0.23267326732673277,100,0,1,23,0,1,90,0,1,NULL,NULL,NULL,0,0,1,1,0,1,0,0,1,
48,0,1,74,0,1,NULL,NULL,NULL,31,0,1,22,0,1,30,0,1,NULL,NULL,NULL,65,0.22277227722772275,0.7772277227722773,NULL,NULL,NULL,0,0,1,0,0,1,1,0,1,
42,0,1,54,0.7673267326732672,0.23267326732673277,99,0,1,35,0,1,52,0.8663366336633662,0.13366336633663378,96,0,1,91,0,1,77,0,1,13,0,1,1,0,1,0,0,1,0,0,1,
71,0,1,34,0,1,NULL,NULL,NULL,12,0,1,NULL,NULL,NULL,52,0.8663366336633662,0.13366336633663378,NULL,NULL,NULL,59,0.5198019801980197,0.4801980198019803,NULL,NULL,NULL,0,0,1,0,0,1,1,0,1,
68,0.07425742574257424,0.9257425742574258,88,0,1,NULL,NULL,NULL,52,0.8663366336633662,0.13366336633663378,50,0.9653465346534652,0.03465346534653479,52,0.8663366336633662,0.13366336633663378,NULL,NULL,NULL,13,0,1,NULL,NULL,NULL,0,0,1,1,0,1,0,0,1,
61,0.4207920792079207,0.5792079207920793,81,0,1,99,0,1,95,0,1,31,0,1,52,0.8663366336633662,0.13366336633663378,84,0,1,60,0.4702970297029702,0.5297029702970297,21,0,1,0,0,1,1,0,1,0,0,1,
25,0,1,15,0,1,3,0,1,24,0,1,34,0,1,78,0,1,8,0,1,64,0.27227722772277224,0.7277227722772278,65,0.22277227722772275,0.7772277227722773,1,0,1,0,0,1,0,0,1,
34,0,1,NULL,NULL,NULL,NULL,NULL,NULL,37,0,1,NULL,NULL,NULL,8,0,1,NULL,NULL,NULL,99,0,1,NULL,NULL,NULL,1,0,1,0,0,1,0,0,1,
57,0.6188118811881187,0.38118811881188125,11,0,1,47,0,1,69,0.02475247524752475,0.9752475247524752,37,0,1,85,0,1,12,0,1,75,0,1,16,0,1,0,0,1,0,0,1,1,0,1,
48,0,1,32,0,1,NULL,NULL,NULL,55,0.7178217821782177,0.28217821782178226,36,0,1,16,0,1,97,0,1,15,0,1,91,0,1,0,0,1,1,0,1,0,0,1,
38,0,1,1,0,1,NULL,NULL,NULL,9,0,1,12,0,1,6,0,1,NULL,NULL,NULL,69,0.02475247524752475,0.9752475247524752,NULL,NULL,NULL,0,0,1,0,0,1,1,0,1,
31,0,1,NULL,NULL,NULL,NULL,NULL,NULL,56,0.6683168316831682,0.33168316831683176,NULL,NULL,NULL,5,0,1,NULL,NULL,NULL,NULL,NULL,NULL,NULL,NULL,NULL,1,0,1,0,0,1,0,0,1,
44,0,1,42,0,1,NULL,NULL,NULL,11,0,1,NULL,NULL,NULL,60,0.4702970297029702,0.5297029702970297,NULL,NULL,NULL,93,0,1,NULL,NULL,NULL,1,0,1,0,0,1,0,0,1,
87,0,1,56,0.6683168316831682,0.33168316831683176,74,0,1,58,0.5693069306930693,0.4306930693069308,64,0.27227722772277224,0.7277227722772278,53,0.8168316831683167,0.18316831683168328,21,0,1,59,0.5198019801980197,0.4801980198019803,64,0.27227722772277224,0.7277227722772278,1,0,1,0,0,1,0,0,1,
100,0,1,45,0,1,NULL,NULL,NULL,30,0,1,NULL,NULL,NULL,25,0,1,NULL,NULL,NULL,54,0.7673267326732672,0.23267326732673277,NULL,NULL,NULL,1,0,1,0,0,1,0,0,1,
47,0,1,76,0,1,10,0,1,38,0,1,29,0,1,50,0.9653465346534652,0.03465346534653479,49,0,1,6,0,1,0,0,1,0,0,1,0,0,1,1,0,1,
87,0,1,NULL,NULL,NULL,NULL,NULL,NULL,92,0,1,NULL,NULL,NULL,51,0.9158415841584158,0.08415841584158429,NULL,NULL,NULL,NULL,NULL,NULL,NULL,NULL,NULL,0,0,1,1,0,1,0,0,1,
60,0.4702970297029702,0.5297029702970297,87,0,1,82,0,1,61,0.4207920792079207,0.5792079207920793,60,0.4702970297029702,0.5297029702970297,86,0,1,52,0.8663366336633662,0.13366336633663378,29,0,1,6,0,1,0,0,1,0,0,1,1,0,1,
56,0.6683168316831682,0.33168316831683176,NULL,NULL,NULL,NULL,NULL,NULL,12,0,1,NULL,NULL,NULL,50,0.9653465346534652,0.03465346534653479,NULL,NULL,NULL,69,0.02475247524752475,0.9752475247524752,NULL,NULL,NULL,0,0,1,1,0,1,0,0,1,
79,0,1,71,0,1,8,0,1,47,0,1,15,0,1,6,0,1,73,0,1,73,0,1,15,0,1,0,0,1,1,0,1,0,0,1,
91,0,1,41,0,1,NULL,NULL,NULL,14,0,1,NULL,NULL,NULL,96,0,1,NULL,NULL,NULL,89,0,1,NULL,NULL,NULL,1,0,1,0,0,1,0,0,1,
96,0,1,63,0.32178217821782173,0.6782178217821783,NULL,NULL,NULL,66,0.17326732673267325,0.8267326732673268,24,0,1,98,0,1,82,0,1,53,0.8168316831683167,0.18316831683168328,NULL,NULL,NULL,0,0,1,1,0,1,0,0,1,
84,0,1,83,0,1,NULL,NULL,NULL,61,0.4207920792079207,0.5792079207920793,NULL,NULL,NULL,73,0,1,NULL,NULL,NULL,37,0,1,NULL,NULL,NULL,0,0,1,0,0,1,1,0,1,
24,0,1,87,0,1,100,0,1,58,0.5693069306930693,0.4306930693069308,69,0.02475247524752475,0.9752475247524752,0,0,1,79,0,1,72,0,1,41,0,1,0,0,1,1,0,1,0,0,1,
67,0.12376237623762375,0.8762376237623762,48,0,1,NULL,NULL,NULL,78,0,1,4,0,1,88,0,1,NULL,NULL,NULL,14,0,1,NULL,NULL,NULL,1,0,1,0,0,1,0,0,1,
6,0,1,11,0,1,16,0,1,83,0,1,49,0,1,40,0,1,43,0,1,74,0,1,87,0,1,0,0,1,0,0,1,1,0,1,
52,0.8663366336633662,0.13366336633663378,55,0.7178217821782177,0.28217821782178226,NULL,NULL,NULL,35,0,1,NULL,NULL,NULL,32,0,1,NULL,NULL,NULL,99,0,1,NULL,NULL,NULL,1,0,1,0,0,1,0,0,1,
32,0,1,7,0,1,34,0,1,52,0.8663366336633662,0.13366336633663378,17,0,1,21,0,1,92,0,1,32,0,1,21,0,1,0,0,1,0,0,1,1,0,1,
48,0,1,8,0,1,25,0,1,2,0,1,93,0,1,80,0,1,49,0,1,3,0,1,19,0,1,1,0,1,0,0,1,0,0,1,
85,0,1,20,0,1,NULL,NULL,NULL,55,0.7178217821782177,0.28217821782178226,NULL,NULL,NULL,77,0,1,NULL,NULL,NULL,11,0,1,NULL,NULL,NULL,0,0,1,0,0,1,1,0,1,
15,0,1,100,0,1,70,0,1,10,0,1,69,0.02475247524752475,0.9752475247524752,46,0,1,23,0,1,4,0,1,14,0,1,0,0,1,1,0,1,0,0,1,
3,0,1,36,0,1,NULL,NULL,NULL,14,0,1,68,0.07425742574257424,0.9257425742574258,66,0.17326732673267325,0.8267326732673268,6,0,1,82,0,1,NULL,NULL,NULL,0,0,1,1,0,1,0,0,1,
2,0,1,37,0,1,46,0,1,74,0,1,47,0,1,37,0,1,37,0,1,99,0,1,13,0,1,1,0,1,0,0,1,0,0,1,
30,0,1,30,0,1,NULL,NULL,NULL,25,0,1,NULL,NULL,NULL,70,0,1,NULL,NULL,NULL,74,0,1,NULL,NULL,NULL,0,0,1,0,0,1,1,0,1,
93,0,1,NULL,NULL,NULL,NULL,NULL,NULL,86,0,1,NULL,NULL,NULL,99,0,1,NULL,NULL,NULL,4,0,1,NULL,NULL,NULL,1,0,1,0,0,1,0,0,1,
84,0,1,46,0,1,NULL,NULL,NULL,91,0,1,NULL,NULL,NULL,20,0,1,NULL,NULL,NULL,56,0.6683168316831682,0.33168316831683176,NULL,NULL,NULL,1,0,1,0,0,1,0,0,1,
99,0,1,51,0.9158415841584158,0.08415841584158429,NULL,NULL,NULL,48,0,1,NULL,NULL,NULL,22,0,1,NULL,NULL,NULL,54,0.7673267326732672,0.23267326732673277,NULL,NULL,NULL,0,0,1,1,0,1,0,0,1,
57,0.6188118811881187,0.38118811881188125,NULL,NULL,NULL,NULL,NULL,NULL,96,0,1,NULL,NULL,NULL,29,0,1,NULL,NULL,NULL,14,0,1,NULL,NULL,NULL,0,0,1,0,0,1,1,0,1,
97,0,1,63,0.32178217821782173,0.6782178217821783,84,0,1,11,0,1,23,0,1,49,0,1,17,0,1,49,0,1,42,0,1,0,0,1,1,0,1,0,0,1,
25,0,1,15,0,1,8,0,1,63,0.32178217821782173,0.6782178217821783,28,0,1,15,0,1,74,0,1,15,0,1,28,0,1,0,0,1,0,0,1,1,0,1,
57,0.6188118811881187,0.38118811881188125,33,0,1,NULL,NULL,NULL,48,0,1,NULL,NULL,NULL,15,0,1,NULL,NULL,NULL,47,0,1,NULL,NULL,NULL,0,0,1,1,0,1,0,0,1,
69,0.02475247524752475,0.9752475247524752,23,0,1,21,0,1,90,0,1,17,0,1,41,0,1,88,0,1,46,0,1,89,0,1,1,0,1,0,0,1,0,0,1,
75,0,1,88,0,1,NULL,NULL,NULL,59,0.5198019801980197,0.4801980198019803,27,0,1,84,0,1,NULL,NULL,NULL,19,0,1,NULL,NULL,NULL,0,0,1,0,0,1,1,0,1,
55,0.7178217821782177,0.28217821782178226,42,0,1,NULL,NULL,NULL,86,0,1,NULL,NULL,NULL,80,0,1,NULL,NULL,NULL,20,0,1,NULL,NULL,NULL,0,0,1,1,0,1,0,0,1,
4,0,1,24,0,1,19,0,1,22,0,1,75,0,1,70,0,1,42,0,1,82,0,1,57,0.6188118811881187,0.38118811881188125,0,0,1,1,0,1,0,0,1,
0,0,1,46,0,1,6,0,1,36,0,1,92,0,1,59,0.5198019801980197,0.4801980198019803,84,0,1,55,0.7178217821782177,0.28217821782178226,54,0.7673267326732672,0.23267326732673277,0,0,1,0,0,1,1,0,1,
12,0,1,100,0,1,NULL,NULL,NULL,11,0,1,NULL,NULL,NULL,67,0.12376237623762375,0.8762376237623762,NULL,NULL,NULL,37,0,1,NULL,NULL,NULL,0,0,1,1,0,1,0,0,1,
87,0,1,4,0,1,78,0,1,5,0,1,53,0.8168316831683167,0.18316831683168328,90,0,1,53,0.8168316831683167,0.18316831683168328,82,0,1,45,0,1,1,0,1,0,0,1,0,0,1,
30,0,1,30,0,1,81,0,1,23,0,1,19,0,1,77,0,1,6,0,1,20,0,1,90,0,1,0,0,1,1,0,1,0,0,1,
59,0.5198019801980197,0.4801980198019803,10,0,1,NULL,NULL,NULL,38,0,1,35,0,1,40,0,1,NULL,NULL,NULL,94,0,1,NULL,NULL,NULL,1,0,1,0,0,1,0,0,1,
20,0,1,31,0,1,60,0.4702970297029702,0.5297029702970297,31,0,1,21,0,1,90,0,1,84,0,1,24,0,1,54,0.7673267326732672,0.23267326732673277,1,0,1,0,0,1,0,0,1,
95,0,1,8,0,1,97,0,1,79,0,1,62,0.37128712871287123,0.6287128712871287,85,0,1,1,0,1,20,0,1,30,0,1,1,0,1,0,0,1,0,0,1,
50,0.9653465346534652,0.03465346534653479,52,0.8663366336633662,0.13366336633663378,NULL,NULL,NULL,47,0,1,NULL,NULL,NULL,36,0,1,NULL,NULL,NULL,61,0.4207920792079207,0.5792079207920793,NULL,NULL,NULL,0,0,1,0,0,1,1,0,1,
48,0,1,NULL,NULL,NULL,NULL,NULL,NULL,80,0,1,NULL,NULL,NULL,66,0.17326732673267325,0.8267326732673268,NULL,NULL,NULL,NULL,NULL,NULL,NULL,NULL,NULL,0,0,1,0,0,1,1,0,1,
8,0,1,57,0.6188118811881187,0.38118811881188125,25,0,1,22,0,1,17,0,1,68,0.07425742574257424,0.9257425742574258,92,0,1,39,0,1,33,0,1,0,0,1,1,0,1,0,0,1,
42,0,1,8,0,1,NULL,NULL,NULL,34,0,1,5,0,1,55,0.7178217821782177,0.28217821782178226,NULL,NULL,NULL,91,0,1,NULL,NULL,NULL,1,0,1,0,0,1,0,0,1,
41,0,1,48,0,1,40,0,1,0,0,1,79,0,1,31,0,1,8,0,1,86,0,1,97,0,1,1,0,1,0,0,1,0,0,1,
40,0,1,9,0,1,49,0,1,77,0,1,7,0,1,33,0,1,100,0,1,58,0.5693069306930693,0.4306930693069308,65,0.22277227722772275,0.7772277227722773,0,0,1,0,0,1,1,0,1,
75,0,1,46,0,1,95,0,1,58,0.5693069306930693,0.4306930693069308,85,0,1,41,0,1,19,0,1,9,0,1,33,0,1,1,0,1,0,0,1,0,0,1,
69,0.02475247524752475,0.9752475247524752,100,0,1,NULL,NULL,NULL,11,0,1,NULL,NULL,NULL,37,0,1,NULL,NULL,NULL,38,0,1,NULL,NULL,NULL,0,0,1,0,0,1,1,0,1,
41,0,1,20,0,1,NULL,NULL,NULL,30,0,1,90,0,1,50,0.9653465346534652,0.03465346534653479,7,0,1,23,0,1,NULL,NULL,NULL,0,0,1,1,0,1,0,0,1,
71,0,1,NULL,NULL,NULL,NULL,NULL,NULL,49,0,1,NULL,NULL,NULL,42,0,1,NULL,NULL,NULL,NULL,NULL,NULL,NULL,NULL,NULL,0,0,1,0,0,1,1,0,1,
13,0,1,51,0.9158415841584158,0.08415841584158429,86,0,1,80,0,1,10,0,1,76,0,1,69,0.02475247524752475,0.9752475247524752,83,0,1,9,0,1,0,0,1,1,0,1,0,0,1,
47,0,1,NULL,NULL,NULL,NULL,NULL,NULL,64,0.27227722772277224,0.7277227722772278,NULL,NULL,NULL,63,0.32178217821782173,0.6782178217821783,NULL,NULL,NULL,NULL,NULL,NULL,NULL,NULL,NULL,1,0,1,0,0,1,0,0,1,
42,0,1,61,0.4207920792079207,0.5792079207920793,26,0,1,11,0,1,84,0,1,56,0.6683168316831682,0.33168316831683176,13,0,1,91,0,1,71,0,1,0,0,1,0,0,1,1,0,1,
29,0,1,19,0,1,65,0.22277227722772275,0.7772277227722773,29,0,1,86,0,1,98,0,1,11,0,1,45,0,1,86,0,1,1,0,1,0,0,1,0,0,1,
81,0,1,90,0,1,5,0,1,40,0,1,50,0.9653465346534652,0.03465346534653479,43,0,1,47,0,1,51,0.9158415841584158,0.08415841584158429,16,0,1,0,0,1,1,0,1,0,0,1,
62,0.37128712871287123,0.6287128712871287,33,0,1,53,0.8168316831683167,0.18316831683168328,55,0.7178217821782177,0.28217821782178226,35,0,1,1,0,1,47,0,1,74,0,1,65,0.22277227722772275,0.7772277227722773,0,0,1,0,0,1,1,0,1,
9,0,1,9,0,1,19,0,1,99,0,1,100,0,1,51,0.9158415841584158,0.08415841584158429,85,0,1,38,0,1,71,0,1,1,0,1,0,0,1,0,0,1,
27,0,1,99,0,1,1,0,1,26,0,1,50,0.9653465346534652,0.03465346534653479,23,0,1,76,0,1,38,0,1,83,0,1,0,0,1,1,0,1,0,0,1,
85,0,1,NULL,NULL,NULL,NULL,NULL,NULL,45,0,1,NULL,NULL,NULL,75,0,1,NULL,NULL,NULL,NULL,NULL,NULL,NULL,NULL,NULL,1,0,1,0,0,1,0,0,1,
52,0.8663366336633662,0.13366336633663378,14,0,1,14,0,1,21,0,1,63,0.32178217821782173,0.6782178217821783,29,0,1,18,0,1,68,0.07425742574257424,0.9257425742574258,30,0,1,1,0,1,0,0,1,0,0,1,
70,0,1,22,0,1,97,0,1,62,0.37128712871287123,0.6287128712871287,55,0.7178217821782177,0.28217821782178226,51,0.9158415841584158,0.08415841584158429,66,0.17326732673267325,0.8267326732673268,53,0.8168316831683167,0.18316831683168328,81,0,1,0,0,1,0,0,1,1,0,1,
10,0,1,58,0.5693069306930693,0.4306930693069308,50,0.9653465346534652,0.03465346534653479,83,0,1,82,0,1,86,0,1,44,0,1,10,0,1,97,0,1,1,0,1,0,0,1,0,0,1,
31,0,1,91,0,1,12,0,1,71,0,1,93,0,1,14,0,1,69,0.02475247524752475,0.9752475247524752,5,0,1,27,0,1,0,0,1,0,0,1,1,0,1,
80,0,1,91,0,1,NULL,NULL,NULL,82,0,1,49,0,1,65,0.22277227722772275,0.7772277227722773,29,0,1,13,0,1,NULL,NULL,NULL,0,0,1,1,0,1,0,0,1,
27,0,1,5,0,1,NULL,NULL,NULL,13,0,1,53,0.8168316831683167,0.18316831683168328,35,0,1,NULL,NULL,NULL,71,0,1,NULL,NULL,NULL,0,0,1,1,0,1,0,0,1,
49,0,1,92,0,1,NULL,NULL,NULL,46,0,1,27,0,1,65,0.22277227722772275,0.7772277227722773,NULL,NULL,NULL,68,0.07425742574257424,0.9257425742574258,NULL,NULL,NULL,1,0,1,0,0,1,0,0,1,
35,0,1,75,0,1,84,0,1,82,0,1,33,0,1,27,0,1,16,0,1,74,0,1,44,0,1,1,0,1,0,0,1,0,0,1,
63,0.32178217821782173,0.6782178217821783,95,0,1,82,0,1,100,0,1,51,0.9158415841584158,0.08415841584158429,10,0,1,51,0.9158415841584158,0.08415841584158429,37,0,1,75,0,1,0,0,1,1,0,1,0,0,1,
8,0,1,80,0,1,NULL,NULL,NULL,28,0,1,NULL,NULL,NULL,53,0.8168316831683167,0.18316831683168328,NULL,NULL,NULL,77,0,1,NULL,NULL,NULL,1,0,1,0,0,1,0,0,1,
86,0,1,92,0,1,NULL,NULL,NULL,29,0,1,NULL,NULL,NULL,67,0.12376237623762375,0.8762376237623762,NULL,NULL,NULL,42,0,1,NULL,NULL,NULL,0,0,1,0,0,1,1,0,1,
2,0,1,NULL,NULL,NULL,NULL,NULL,NULL,13,0,1,NULL,NULL,NULL,21,0,1,NULL,NULL,NULL,84,0,1,NULL,NULL,NULL,1,0,1,0,0,1,0,0,1,
2,0,1,50,0.9653465346534652,0.03465346534653479,83,0,1,5,0,1,24,0,1,85,0,1,21,0,1,67,0.12376237623762375,0.8762376237623762,68,0.07425742574257424,0.9257425742574258,0,0,1,0,0,1,1,0,1,
63,0.32178217821782173,0.6782178217821783,71,0,1,98,0,1,55,0.7178217821782177,0.28217821782178226,75,0,1,41,0,1,19,0,1,65,0.22277227722772275,0.7772277227722773,60,0.4702970297029702,0.5297029702970297,0,0,1,0,0,1,1,0,1,
52,0.8663366336633662,0.13366336633663378,NULL,NULL,NULL,NULL,NULL,NULL,39,0,1,NULL,NULL,NULL,62,0.37128712871287123,0.6287128712871287,NULL,NULL,NULL,86,0,1,NULL,NULL,NULL,1,0,1,0,0,1,0,0,1,
100,0,1,0,0,1,22,0,1,83,0,1,86,0,1,36,0,1,77,0,1,19,0,1,0,0,1,0,0,1,0,0,1,1,0,1,
99,0,1,31,0,1,46,0,1,13,0,1,35,0,1,57,0.6188118811881187,0.38118811881188125,59,0.5198019801980197,0.4801980198019803,95,0,1,69,0.02475247524752475,0.9752475247524752,0,0,1,1,0,1,0,0,1,
36,0,1,NULL,NULL,NULL,NULL,NULL,NULL,24,0,1,NULL,NULL,NULL,27,0,1,NULL,NULL,NULL,NULL,NULL,NULL,NULL,NULL,NULL,0,0,1,1,0,1,0,0,1,
61,0.4207920792079207,0.5792079207920793,20,0,1,69,0.02475247524752475,0.9752475247524752,61,0.4207920792079207,0.5792079207920793,3,0,1,46,0,1,13,0,1,81,0,1,29,0,1,1,0,1,0,0,1,0,0,1,
75,0,1,NULL,NULL,NULL,NULL,NULL,NULL,33,0,1,NULL,NULL,NULL,11,0,1,NULL,NULL,NULL,7,0,1,NULL,NULL,NULL,1,0,1,0,0,1,0,0,1,
54,0.7673267326732672,0.23267326732673277,79,0,1,73,0,1,2,0,1,43,0,1,56,0.6683168316831682,0.33168316831683176,23,0,1,79,0,1,60,0.4702970297029702,0.5297029702970297,0,0,1,0,0,1,1,0,1,
97,0,1,NULL,NULL,NULL,NULL,NULL,NULL,98,0,1,NULL,NULL,NULL,8,0,1,NULL,NULL,NULL,33,0,1,NULL,NULL,NULL,1,0,1,0,0,1,0,0,1,
45,0,1,85,0,1,NULL,NULL,NULL,88,0,1,NULL,NULL,NULL,80,0,1,NULL,NULL,NULL,83,0,1,NULL,NULL,NULL,0,0,1,1,0,1,0,0,1,
19,0,1,65,0.22277227722772275,0.7772277227722773,83,0,1,53,0.8168316831683167,0.18316831683168328,75,0,1,96,0,1,48,0,1,46,0,1,91,0,1,1,0,1,0,0,1,0,0,1,
74,0,1,NULL,NULL,NULL,NULL,NULL,NULL,11,0,1,NULL,NULL,NULL,7,0,1,NULL,NULL,NULL,39,0,1,NULL,NULL,NULL,0,0,1,0,0,1,1,0,1,
89,0,1,92,0,1,75,0,1,51,0.9158415841584158,0.08415841584158429,36,0,1,100,0,1,5,0,1,43,0,1,15,0,1,0,0,1,0,0,1,1,0,1,
8,0,1,66,0.17326732673267325,0.8267326732673268,7,0,1,37,0,1,37,0,1,45,0,1,37,0,1,76,0,1,77,0,1,0,0,1,1,0,1,0,0,1,
70,0,1,32,0,1,22,0,1,91,0,1,44,0,1,31,0,1,39,0,1,24,0,1,59,0.5198019801980197,0.4801980198019803,1,0,1,0,0,1,0,0,1,
51,0.9158415841584158,0.08415841584158429,65,0.22277227722772275,0.7772277227722773,NULL,NULL,NULL,43,0,1,74,0,1,96,0,1,72,0,1,46,0,1,NULL,NULL,NULL,0,0,1,0,0,1,1,0,1,
45,0,1,2,0,1,97,0,1,70,0,1,83,0,1,59,0.5198019801980197,0.4801980198019803,28,0,1,96,0,1,7,0,1,0,0,1,1,0,1,0,0,1,
97,0,1,4,0,1,73,0,1,84,0,1,67,0.12376237623762375,0.8762376237623762,5,0,1,38,0,1,41,0,1,27,0,1,1,0,1,0,0,1,0,0,1,
78,0,1,44,0,1,NULL,NULL,NULL,8,0,1,80,0,1,42,0,1,NULL,NULL,NULL,40,0,1,NULL,NULL,NULL,0,0,1,0,0,1,1,0,1,
35,0,1,37,0,1,66,0.17326732673267325,0.8267326732673268,99,0,1,26,0,1,21,0,1,11,0,1,79,0,1,12,0,1,0,0,1,1,0,1,0,0,1,
68,0.07425742574257424,0.9257425742574258,3,0,1,57,0.6188118811881187,0.38118811881188125,46,0,1,80,0,1,22,0,1,93,0,1,96,0,1,92,0,1,0,0,1,0,0,1,1,0,1,
40,0,1,18,0,1,31,0,1,37,0,1,29,0,1,59,0.5198019801980197,0.4801980198019803,12,0,1,39,0,1,84,0,1,0,0,1,1,0,1,0,0,1,
11,0,1,9,0,1,11,0,1,55,0.7178217821782177,0.28217821782178226,6,0,1,63,0.32178217821782173,0.6782178217821783,91,0,1,44,0,1,73,0,1,0,0,1,0,0,1,1,0,1,
73,0,1,NULL,NULL,NULL,NULL,NULL,NULL,77,0,1,NULL,NULL,NULL,47,0,1,NULL,NULL,NULL,13,0,1,NULL,NULL,NULL,0,0,1,1,0,1,0,0,1,
19,0,1,39,0,1,8,0,1,29,0,1,91,0,1,31,0,1,53,0.8168316831683167,0.18316831683168328,59,0.5198019801980197,0.4801980198019803,89,0,1,1,0,1,0,0,1,0,0,1,
10,0,1,NULL,NULL,NULL,NULL,NULL,NULL,18,0,1,NULL,NULL,NULL,44,0,1,NULL,NULL,NULL,15,0,1,NULL,NULL,NULL,0,0,1,0,0,1,1,0,1,
78,0,1,86,0,1,35,0,1,88,0,1,40,0,1,36,0,1,56,0.6683168316831682,0.33168316831683176,62,0.37128712871287123,0.6287128712871287,97,0,1,0,0,1,0,0,1,1,0,1,
15,0,1,3,0,1,97,0,1,97,0,1,3,0,1,56,0.6683168316831682,0.33168316831683176,59,0.5198019801980197,0.4801980198019803,62,0.37128712871287123,0.6287128712871287,65,0.22277227722772275,0.7772277227722773,0,0,1,1,0,1,0,0,1,
65,0.22277227722772275,0.7772277227722773,NULL,NULL,NULL,NULL,NULL,NULL,26,0,1,NULL,NULL,NULL,45,0,1,NULL,NULL,NULL,48,0,1,NULL,NULL,NULL,1,0,1,0,0,1,0,0,1,
59,0.5198019801980197,0.4801980198019803,35,0,1,8,0,1,17,0,1,41,0,1,76,0,1,8,0,1,62,0.37128712871287123,0.6287128712871287,25,0,1,0,0,1,0,0,1,1,0,1,
95,0,1,NULL,NULL,NULL,NULL,NULL,NULL,37,0,1,NULL,NULL,NULL,66,0.17326732673267325,0.8267326732673268,NULL,NULL,NULL,15,0,1,NULL,NULL,NULL,0,0,1,1,0,1,0,0,1,
84,0,1,66,0.17326732673267325,0.8267326732673268,67,0.12376237623762375,0.8762376237623762,49,0,1,6,0,1,60,0.4702970297029702,0.5297029702970297,70,0,1,62,0.37128712871287123,0.6287128712871287,40,0,1,0,0,1,0,0,1,1,0,1,
79,0,1,14,0,1,71,0,1,1,0,1,43,0,1,37,0,1,45,0,1,82,0,1,10,0,1,1,0,1,0,0,1,0,0,1,
17,0,1,NULL,NULL,NULL,NULL,NULL,NULL,86,0,1,NULL,NULL,NULL,9,0,1,NULL,NULL,NULL,NULL,NULL,NULL,NULL,NULL,NULL,1,0,1,0,0,1,0,0,1,
16,0,1,62,0.37128712871287123,0.6287128712871287,6,0,1,6,0,1,70,0,1,40,0,1,92,0,1,100,0,1,98,0,1,1,0,1,0,0,1,0,0,1,
6,0,1,NULL,NULL,NULL,NULL,NULL,NULL,31,0,1,NULL,NULL,NULL,25,0,1,NULL,NULL,NULL,NULL,NULL,NULL,NULL,NULL,NULL,0,0,1,0,0,1,1,0,1,
95,0,1,45,0,1,3,0,1,100,0,1,40,0,1,77,0,1,63,0.32178217821782173,0.6782178217821783,46,0,1,88,0,1,1,0,1,0,0,1,0,0,1,
17,0,1,39,0,1,NULL,NULL,NULL,56,0.6683168316831682,0.33168316831683176,93,0,1,25,0,1,NULL,NULL,NULL,84,0,1,NULL,NULL,NULL,0,0,1,0,0,1,1,0,1,
81,0,1,60,0.4702970297029702,0.5297029702970297,46,0,1,75,0,1,95,0,1,12,0,1,56,0.6683168316831682,0.33168316831683176,66,0.17326732673267325,0.8267326732673268,70,0,1,0,0,1,0,0,1,1,0,1,
22,0,1,NULL,NULL,NULL,NULL,NULL,NULL,50,0.9653465346534652,0.03465346534653479,NULL,NULL,NULL,25,0,1,NULL,NULL,NULL,93,0,1,NULL,NULL,NULL,0,0,1,0,0,1,1,0,1,
13,0,1,64,0.27227722772277224,0.7277227722772278,NULL,NULL,NULL,26,0,1,57,0.6188118811881187,0.38118811881188125,6,0,1,NULL,NULL,NULL,65,0.22277227722772275,0.7772277227722773,NULL,NULL,NULL,0,0,1,1,0,1,0,0,1,
98,0,1,41,0,1,NULL,NULL,NULL,49,0,1,7,0,1,11,0,1,NULL,NULL,NULL,67,0.12376237623762375,0.8762376237623762,NULL,NULL,NULL,1,0,1,0,0,1,0,0,1,
27,0,1,25,0,1,47,0,1,12,0,1,61,0.4207920792079207,0.5792079207920793,42,0,1,5,0,1,100,0,1,55,0.7178217821782177,0.28217821782178226,1,0,1,0,0,1,0,0,1,
29,0,1,36,0,1,25,0,1,82,0,1,7,0,1,25,0,1,12,0,1,16,0,1,72,0,1,0,0,1,0,0,1,1,0,1,
94,0,1,87,0,1,43,0,1,21,0,1,44,0,1,7,0,1,82,0,1,78,0,1,90,0,1,1,0,1,0,0,1,0,0,1,
20,0,1,84,0,1,35,0,1,56,0.6683168316831682,0.33168316831683176,50,0.9653465346534652,0.03465346534653479,95,0,1,5,0,1,44,0,1,99,0,1,0,0,1,1,0,1,0,0,1,
79,0,1,20,0,1,NULL,NULL,NULL,62,0.37128712871287123,0.6287128712871287,NULL,NULL,NULL,27,0,1,NULL,NULL,NULL,54,0.7673267326732672,0.23267326732673277,NULL,NULL,NULL,0,0,1,1,0,1,0,0,1,
89,0,1,55,0.7178217821782177,0.28217821782178226,NULL,NULL,NULL,96,0,1,NULL,NULL,NULL,66,0.17326732673267325,0.8267326732673268,NULL,NULL,NULL,97,0,1,NULL,NULL,NULL,0,0,1,0,0,1,1,0,1,
84,0,1,87,0,1,15,0,1,100,0,1,58,0.5693069306930693,0.4306930693069308,81,0,1,61,0.4207920792079207,0.5792079207920793,40,0,1,49,0,1,0,0,1,0,0,1,1,0,1,
7,0,1,73,0,1,NULL,NULL,NULL,16,0,1,NULL,NULL,NULL,47,0,1,NULL,NULL,NULL,70,0,1,NULL,NULL,NULL,0,0,1,0,0,1,1,0,1,
45,0,1,5,0,1,69,0.02475247524752475,0.9752475247524752,35,0,1,87,0,1,46,0,1,98,0,1,62,0.37128712871287123,0.6287128712871287,1,0,1,0,0,1,0,0,1,1,0,1,
45,0,1,NULL,NULL,NULL,NULL,NULL,NULL,95,0,1,NULL,NULL,NULL,37,0,1,NULL,NULL,NULL,66,0.17326732673267325,0.8267326732673268,NULL,NULL,NULL,0,0,1,0,0,1,1,0,1,
28,0,1,NULL,NULL,NULL,NULL,NULL,NULL,6,0,1,NULL,NULL,NULL,46,0,1,NULL,NULL,NULL,45,0,1,NULL,NULL,NULL,1,0,1,0,0,1,0,0,1,
95,0,1,NULL,NULL,NULL,NULL,NULL,NULL,26,0,1,NULL,NULL,NULL,47,0,1,NULL,NULL,NULL,NULL,NULL,NULL,NULL,NULL,NULL,0,0,1,1,0,1,0,0,1,
83,0,1,68,0.07425742574257424,0.9257425742574258,NULL,NULL,NULL,47,0,1,30,0,1,14,0,1,87,0,1,26,0,1,NULL,NULL,NULL,1,0,1,0,0,1,0,0,1,
18,0,1,63,0.32178217821782173,0.6782178217821783,86,0,1,83,0,1,81,0,1,54,0.7673267326732672,0.23267326732673277,12,0,1,90,0,1,91,0,1,0,0,1,0,0,1,1,0,1,
42,0,1,NULL,NULL,NULL,NULL,NULL,NULL,13,0,1,NULL,NULL,NULL,37,0,1,NULL,NULL,NULL,57,0.6188118811881187,0.38118811881188125,NULL,NULL,NULL,0,0,1,0,0,1,1,0,1,
17,0,1,NULL,NULL,NULL,NULL,NULL,NULL,27,0,1,NULL,NULL,NULL,96,0,1,NULL,NULL,NULL,86,0,1,NULL,NULL,NULL,1,0,1,0,0,1,0,0,1,
77,0,1,78,0,1,99,0,1,31,0,1,62,0.37128712871287123,0.6287128712871287,18,0,1,83,0,1,92,0,1,32,0,1,0,0,1,0,0,1,1,0,1,
44,0,1,95,0,1,NULL,NULL,NULL,17,0,1,18,0,1,6,0,1,55,0.7178217821782177,0.28217821782178226,90,0,1,NULL,NULL,NULL,0,0,1,1,0,1,0,0,1,
80,0,1,49,0,1,64,0.27227722772277224,0.7277227722772278,93,0,1,61,0.4207920792079207,0.5792079207920793,63,0.32178217821782173,0.6782178217821783,91,0,1,16,0,1,73,0,1,1,0,1,0,0,1,0,0,1,
2,0,1,42,0,1,NULL,NULL,NULL,25,0,1,NULL,NULL,NULL,43,0,1,NULL,NULL,NULL,90,0,1,NULL,NULL,NULL,0,0,1,0,0,1,1,0,1,
26,0,1,35,0,1,NULL,NULL,NULL,64,0.27227722772277224,0.7277227722772278,NULL,NULL,NULL,32,0,1,NULL,NULL,NULL,75,0,1,NULL,NULL,NULL,1,0,1,0,0,1,0,0,1,
66,0.17326732673267325,0.8267326732673268,15,0,1,62,0.37128712871287123,0.6287128712871287,37,0,1,22,0,1,83,0,1,83,0,1,5,0,1,7,0,1,0,0,1,0,0,1,1,0,1,
58,0.5693069306930693,0.4306930693069308,54,0.7673267326732672,0.23267326732673277,0,0,1,61,0.4207920792079207,0.5792079207920793,1,0,1,59,0.5198019801980197,0.4801980198019803,42,0,1,19,0,1,50,0.9653465346534652,0.03465346534653479,0,0,1,1,0,1,0,0,1,
62,0.37128712871287123,0.6287128712871287,32,0,1,66,0.17326732673267325,0.8267326732673268,78,0,1,39,0,1,22,0,1,58,0.5693069306930693,0.4306930693069308,66,0.17326732673267325,0.8267326732673268,6,0,1,0,0,1,0,0,1,1,0,1,
84,0,1,70,0,1,8,0,1,42,0,1,55,0.7178217821782177,0.28217821782178226,48,0,1,16,0,1,90,0,1,2,0,1,1,0,1,0,0,1,0,0,1,
29,0,1,NULL,NULL,NULL,NULL,NULL,NULL,95,0,1,NULL,NULL,NULL,36,0,1,NULL,NULL,NULL,NULL,NULL,NULL,NULL,NULL,NULL,1,0,1,0,0,1,0,0,1,
54,0.7673267326732672,0.23267326732673277,96,0,1,75,0,1,70,0,1,21,0,1,53,0.8168316831683167,0.18316831683168328,56,0.6683168316831682,0.33168316831683176,49,0,1,90,0,1,1,0,1,0,0,1,0,0,1,
53,0.8168316831683167,0.18316831683168328,67,0.12376237623762375,0.8762376237623762,NULL,NULL,NULL,34,0,1,77,0,1,79,0,1,NULL,NULL,NULL,3,0,1,NULL,NULL,NULL,1,0,1,0,0,1,0,0,1,
60,0.4702970297029702,0.5297029702970297,59,0.5198019801980197,0.4801980198019803,NULL,NULL,NULL,61,0.4207920792079207,0.5792079207920793,73,0,1,25,0,1,NULL,NULL,NULL,72,0,1,NULL,NULL,NULL,1,0,1,0,0,1,0,0,1,
68,0.07425742574257424,0.9257425742574258,84,0,1,NULL,NULL,NULL,47,0,1,93,0,1,43,0,1,NULL,NULL,NULL,33,0,1,NULL,NULL,NULL,0,0,1,1,0,1,0,0,1,
74,0,1,51,0.9158415841584158,0.08415841584158429,71,0,1,84,0,1,32,0,1,86,0,1,86,0,1,79,0,1,86,0,1,0,0,1,0,0,1,1,0,1,
88,0,1,86,0,1,34,0,1,46,0,1,29,0,1,95,0,1,30,0,1,85,0,1,14,0,1,1,0,1,0,0,1,0,0,1,
58,0.5693069306930693,0.4306930693069308,66,0.17326732673267325,0.8267326732673268,13,0,1,61,0.4207920792079207,0.5792079207920793,29,0,1,9,0,1,22,0,1,67,0.12376237623762375,0.8762376237623762,50,0.9653465346534652,0.03465346534653479,0,0,1,1,0,1,0,0,1,
61,0.4207920792079207,0.5792079207920793,6,0,1,NULL,NULL,NULL,93,0,1,NULL,NULL,NULL,17,0,1,NULL,NULL,NULL,35,0,1,NULL,NULL,NULL,1,0,1,0,0,1,0,0,1,
51,0.9158415841584158,0.08415841584158429,NULL,NULL,NULL,NULL,NULL,NULL,20,0,1,NULL,NULL,NULL,98,0,1,NULL,NULL,NULL,NULL,NULL,NULL,NULL,NULL,NULL,0,0,1,1,0,1,0,0,1,
48,0,1,68,0.07425742574257424,0.9257425742574258,NULL,NULL,NULL,64,0.27227722772277224,0.7277227722772278,68,0.07425742574257424,0.9257425742574258,27,0,1,98,0,1,100,0,1,NULL,NULL,NULL,0,0,1,0,0,1,1,0,1,
71,0,1,28,0,1,2,0,1,4,0,1,60,0.4702970297029702,0.5297029702970297,37,0,1,83,0,1,42,0,1,86,0,1,0,0,1,1,0,1,0,0,1,
73,0,1,NULL,NULL,NULL,NULL,NULL,NULL,51,0.9158415841584158,0.08415841584158429,NULL,NULL,NULL,51,0.9158415841584158,0.08415841584158429,NULL,NULL,NULL,NULL,NULL,NULL,NULL,NULL,NULL,0,0,1,0,0,1,1,0,1,
22,0,1,40,0,1,NULL,NULL,NULL,2,0,1,65,0.22277227722772275,0.7772277227722773,39,0,1,6,0,1,48,0,1,36,0,1,0,0,1,1,0,1,0,0,1,
64,0.27227722772277224,0.7277227722772278,NULL,NULL,NULL,NULL,NULL,NULL,48,0,1,NULL,NULL,NULL,85,0,1,NULL,NULL,NULL,NULL,NULL,NULL,NULL,NULL,NULL,1,0,1,0,0,1,0,0,1,
30,0,1,89,0,1,NULL,NULL,NULL,32,0,1,65,0.22277227722772275,0.7772277227722773,24,0,1,NULL,NULL,NULL,81,0,1,NULL,NULL,NULL,0,0,1,0,0,1,1,0,1,
31,0,1,72,0,1,94,0,1,40,0,1,2,0,1,66,0.17326732673267325,0.8267326732673268,59,0.5198019801980197,0.4801980198019803,55,0.7178217821782177,0.28217821782178226,1,0,1,0,0,1,0,0,1,1,0,1,
22,0,1,99,0,1,27,0,1,36,0,1,76,0,1,87,0,1,94,0,1,65,0.22277227722772275,0.7772277227722773,45,0,1,1,0,1,0,0,1,0,0,1,
27,0,1,10,0,1,NULL,NULL,NULL,27,0,1,12,0,1,38,0,1,NULL,NULL,NULL,97,0,1,NULL,NULL,NULL,1,0,1,0,0,1,0,0,1,
84,0,1,92,0,1,NULL,NULL,NULL,82,0,1,NULL,NULL,NULL,57,0.6188118811881187,0.38118811881188125,NULL,NULL,NULL,28,0,1,NULL,NULL,NULL,0,0,1,1,0,1,0,0,1,
26,0,1,76,0,1,20,0,1,74,0,1,69,0.02475247524752475,0.9752475247524752,51,0.9158415841584158,0.08415841584158429,16,0,1,16,0,1,100,0,1,1,0,1,0,0,1,0,0,1,
57,0.6188118811881187,0.38118811881188125,53,0.8168316831683167,0.18316831683168328,NULL,NULL,NULL,71,0,1,26,0,1,58,0.5693069306930693,0.4306930693069308,31,0,1,35,0,1,76,0,1,0,0,1,0,0,1,1,0,1,
80,0,1,22,0,1,23,0,1,60,0.4702970297029702,0.5297029702970297,61,0.4207920792079207,0.5792079207920793,54,0.7673267326732672,0.23267326732673277,78,0,1,10,0,1,86,0,1,0,0,1,1,0,1,0,0,1,
99,0,1,NULL,NULL,NULL,NULL,NULL,NULL,74,0,1,NULL,NULL,NULL,85,0,1,NULL,NULL,NULL,NULL,NULL,NULL,NULL,NULL,NULL,1,0,1,0,0,1,0,0,1,
80,0,1,62,0.37128712871287123,0.6287128712871287,7,0,1,73,0,1,36,0,1,56,0.6683168316831682,0.33168316831683176,1,0,1,31,0,1,7,0,1,1,0,1,0,0,1,0,0,1,
44,0,1,22,0,1,81,0,1,49,0,1,21,0,1,3,0,1,41,0,1,64,0.27227722772277224,0.7277227722772278,59,0.5198019801980197,0.4801980198019803,0,0,1,1,0,1,0,0,1,
71,0,1,79,0,1,NULL,NULL,NULL,53,0.8168316831683167,0.18316831683168328,NULL,NULL,NULL,24,0,1,NULL,NULL,NULL,97,0,1,NULL,NULL,NULL,0,0,1,1,0,1,0,0,1,
68,0.07425742574257424,0.9257425742574258,NULL,NULL,NULL,NULL,NULL,NULL,87,0,1,NULL,NULL,NULL,68,0.07425742574257424,0.9257425742574258,NULL,NULL,NULL,100,0,1,NULL,NULL,NULL,1,0,1,0,0,1,0,0,1,
65,0.22277227722772275,0.7772277227722773,57,0.6188118811881187,0.38118811881188125,61,0.4207920792079207,0.5792079207920793,83,0,1,66,0.17326732673267325,0.8267326732673268,12,0,1,29,0,1,36,0,1,12,0,1,0,0,1,0,0,1,1,0,1,
6,0,1,68,0.07425742574257424,0.9257425742574258,12,0,1,6,0,1,41,0,1,5,0,1,14,0,1,87,0,1,32,0,1,1,0,1,0,0,1,0,0,1,
70,0,1,94,0,1,NULL,NULL,NULL,63,0.32178217821782173,0.6782178217821783,51,0.9158415841584158,0.08415841584158429,95,0,1,NULL,NULL,NULL,29,0,1,NULL,NULL,NULL,0,0,1,1,0,1,0,0,1,
16,0,1,4,0,1,93,0,1,68,0.07425742574257424,0.9257425742574258,76,0,1,90,0,1,39,0,1,67,0.12376237623762375,0.8762376237623762,23,0,1,0,0,1,1,0,1,0,0,1,
54,0.7673267326732672,0.23267326732673277,NULL,NULL,NULL,NULL,NULL,NULL,25,0,1,NULL,NULL,NULL,37,0,1,NULL,NULL,NULL,43,0,1,NULL,NULL,NULL,0,0,1,1,0,1,0,0,1,
98,0,1,57,0.6188118811881187,0.38118811881188125,NULL,NULL,NULL,12,0,1,NULL,NULL,NULL,93,0,1,NULL,NULL,NULL,6,0,1,NULL,NULL,NULL,0,0,1,0,0,1,1,0,1,
88,0,1,NULL,NULL,NULL,NULL,NULL,NULL,6,0,1,NULL,NULL,NULL,90,0,1,NULL,NULL,NULL,20,0,1,NULL,NULL,NULL,1,0,1,0,0,1,0,0,1,
99,0,1,36,0,1,78,0,1,21,0,1,22,0,1,35,0,1,61,0.4207920792079207,0.5792079207920793,33,0,1,45,0,1,0,0,1,0,0,1,1,0,1,
90,0,1,29,0,1,29,0,1,55,0.7178217821782177,0.28217821782178226,48,0,1,79,0,1,57,0.6188118811881187,0.38118811881188125,63,0.32178217821782173,0.6782178217821783,17,0,1,0,0,1,1,0,1,0,0,1,
41,0,1,18,0,1,NULL,NULL,NULL,9,0,1,50,0.9653465346534652,0.03465346534653479,63,0.32178217821782173,0.6782178217821783,NULL,NULL,NULL,90,0,1,NULL,NULL,NULL,1,0,1,0,0,1,0,0,1,
53,0.8168316831683167,0.18316831683168328,NULL,NULL,NULL,NULL,NULL,NULL,22,0,1,NULL,NULL,NULL,46,0,1,NULL,NULL,NULL,NULL,NULL,NULL,NULL,NULL,NULL,0,0,1,1,0,1,0,0,1,
