[A1,[A1_Low,[A1_High, B2, B2_Low, B2_High, C3, C3_Low, C3_High, A2, A2_Low, A2_High, B3, B3_Low, B3_High, A3, A3_Low, A3_High, C1, C1_Low, C1_High, B1, B1_Low, B1_High, C2], C2]_Low, C2]_High,[ADVISE,[ADVISE_Low,[ADVISE_High, TAKES, TAKES_Low, TAKES_High, VISIT], VISIT]_Low, VISIT]_High
87,0,1,83,0,1,57,0.6188118811881187,0.38118811881188125,56,0.6683168316831682,0.33168316831683176,85,0,1,20,0,1,22,0,1,44,0,1,26,0,1,1,0,1,0,0,1,0,0,1,
19,0,1,4,0,1,43,0,1,96,0,1,2,0,1,41,0,1,16,0,1,43,0,1,39,0,1,0,0,1,0,0,1,1,0,1,
3,0,1,NULL,NULL,NULL,NULL,NULL,NULL,31,0,1,NULL,NULL,NULL,88,0,1,NULL,NULL,NULL,NULL,NULL,NULL,NULL,NULL,NULL,1,0,1,0,0,1,0,0,1,
28,0,1,NULL,NULL,NULL,NULL,NULL,NULL,71,0,1,NULL,NULL,NULL,12,0,1,NULL,NULL,NULL,NULL,NULL,NULL,NULL,NULL,NULL,0,0,1,0,0,1,1,0,1,
53,0.8168316831683167,0.18316831683168328,15,0,1,NULL,NULL,NULL,65,0.22277227722772275,0.7772277227722773,NULL,NULL,NULL,30,0,1,NULL,NULL,NULL,87,0,1,NULL,NULL,NULL,0,0,1,1,0,1,0,0,1,
48,0,1,NULL,NULL,NULL,NULL,NULL,NULL,100,0,1,NULL,NULL,NULL,23,0,1,NULL,NULL,NULL,32,0,1,NULL,NULL,NULL,0,0,1,0,0,1,1,0,1,
99,0,1,95,0,1,9,0,1,96,0,1,16,0,1,99,0,1,0,0,1,72,0,1,52,0.8663366336633662,0.13366336633663378,1,0,1,0,0,1,0,0,1,
75,0,1,NULL,NULL,NULL,NULL,NULL,NULL,58,0.5693069306930693,0.4306930693069308,NULL,NULL,NULL,86,0,1,NULL,NULL,NULL,58,0.5693069306930693,0.4306930693069308,NULL,NULL,NULL,0,0,1,1,0,1,0,0,1,
75,0,1,31,0,1,NULL,NULL,NULL,63,0.32178217821782173,0.6782178217821783,86,0,1,99,0,1,NULL,NULL,NULL,47,0,1,NULL,NULL,NULL,1,0,1,0,0,1,0,0,1,
38,0,1,22,0,1,NULL,NULL,NULL,38,0,1,73,0,1,82,0,1,NULL,NULL,NULL,35,0,1,NULL,NULL,NULL,0,0,1,0,0,1,1,0,1,
48,0,1,97,0,1,26,0,1,66,0.17326732673267325,0.8267326732673268,97,0,1,18,0,1,95,0,1,45,0,1,9,0,1,1,0,1,0,0,1,0,0,1,
23,0,1,4,0,1,NULL,NULL,NULL,47,0,1,20,0,1,16,0,1,73,0,1,28,0,1,NULL,NULL,NULL,0,0,1,1,0,1,0,0,1,
10,0,1,19,0,1,67,0.12376237623762375,0.8762376237623762,86,0,1,90,0,1,47,0,1,83,0,1,47,0,1,21,0,1,0,0,1,0,0,1,1,0,1,
98,0,1,16,0,1,NULL,NULL,NULL,86,0,1,11,0,1,41,0,1,NULL,NULL,NULL,91,0,1,NULL,NULL,NULL,0,0,1,0,0,1,1,0,1,
9,0,1,42,0,1,16,0,1,83,0,1,58,0.5693069306930693,0.4306930693069308,49,0,1,95,0,1,66,0.17326732673267325,0.8267326732673268,73,0,1,1,0,1,0,0,1,0,0,1,
23,0,1,NULL,NULL,NULL,NULL,NULL,NULL,53,0.8168316831683167,0.18316831683168328,NULL,NULL,NULL,94,0,1,NULL,NULL,NULL,16,0,1,NULL,NULL,NULL,0,0,1,0,0,1,1,0,1,
54,0.7673267326732672,0.23267326732673277,10,0,1,81,0,1,87,0,1,93,0,1,30,0,1,87,0,1,84,0,1,69,0.02475247524752475,0.9752475247524752,0,0,1,0,0,1,1,0,1,
2,0,1,78,0,1,88,0,1,75,0,1,5,0,1,84,0,1,100,0,1,91,0,1,37,0,1,0,0,1,0,0,1,1,0,1,
64,0.27227722772277224,0.7277227722772278,NULL,NULL,NULL,NULL,NULL,NULL,7,0,1,NULL,NULL,NULL,53,0.8168316831683167,0.18316831683168328,NULL,NULL,NULL,NULL,NULL,NULL,NULL,NULL,NULL,1,0,1,0,0,1,0,0,1,
39,0,1,88,0,1,16,0,1,36,0,1,3,0,1,61,0.4207920792079207,0.5792079207920793,100,0,1,96,0,1,26,0,1,0,0,1,1,0,1,0,0,1,
59,0.5198019801980197,0.4801980198019803,50,0.9653465346534652,0.03465346534653479,NULL,NULL,NULL,79,0,1,NULL,NULL,NULL,40,0,1,NULL,NULL,NULL,66,0.17326732673267325,0.8267326732673268,NULL,NULL,NULL,0,0,1,0,0,1,1,0,1,
21,0,1,NULL,NULL,NULL,NULL,NULL,NULL,81,0,1,NULL,NULL,NULL,32,0,1,NULL,NULL,NULL,59,0.5198019801980197,0.4801980198019803,NULL,NULL,NULL,1,0,1,0,0,1,0,0,1,
62,0.37128712871287123,0.6287128712871287,NULL,NULL,NULL,NULL,NULL,NULL,22,0,1,NULL,NULL,NULL,37,0,1,NULL,NULL,NULL,NULL,NULL,NULL,NULL,NULL,NULL,0,0,1,0,0,1,1,0,1,
39,0,1,14,0,1,7,0,1,0,0,1,25,0,1,22,0,1,47,0,1,20,0,1,48,0,1,0,0,1,0,0,1,1,0,1,
62,0.37128712871287123,0.6287128712871287,NULL,NULL,NULL,NULL,NULL,NULL,76,0,1,NULL,NULL,NULL,85,0,1,NULL,NULL,NULL,29,0,1,NULL,NULL,NULL,1,0,1,0,0,1,0,0,1,
28,0,1,39,0,1,11,0,1,51,0.9158415841584158,0.08415841584158429,24,0,1,54,0.7673267326732672,0.23267326732673277,17,0,1,65,0.22277227722772275,0.7772277227722773,44,0,1,0,0,1,1,0,1,0,0,1,
16,0,1,89,0,1,18,0,1,41,0,1,59,0.5198019801980197,0.4801980198019803,38,0,1,5,0,1,85,0,1,30,0,1,0,0,1,1,0,1,0,0,1,
98,0,1,3,0,1,NULL,NULL,NULL,42,0,1,NULL,NULL,NULL,88,0,1,NULL,NULL,NULL,18,0,1,NULL,NULL,NULL,0,0,1,0,0,1,1,0,1,
76,0,1,36,0,1,69,0.02475247524752475,0.9752475247524752,65,0.22277227722772275,0.7772277227722773,21,0,1,15,0,1,88,0,1,22,0,1,66,0.17326732673267325,0.8267326732673268,0,0,1,0,0,1,1,0,1,
13,0,1,66,0.17326732673267325,0.8267326732673268,25,0,1,63,0.32178217821782173,0.6782178217821783,70,0,1,2,0,1,74,0,1,74,0,1,37,0,1,0,0,1,0,0,1,1,0,1,
53,0.8168316831683167,0.18316831683168328,NULL,NULL,NULL,NULL,NULL,NULL,44,0,1,NULL,NULL,NULL,94,0,1,NULL,NULL,NULL,73,0,1,NULL,NULL,NULL,0,0,1,1,0,1,0,0,1,
18,0,1,49,0,1,74,0,1,51,0.9158415841584158,0.08415841584158429,7,0,1,22,0,1,69,0.02475247524752475,0.9752475247524752,51,0.9158415841584158,0.08415841584158429,19,0,1,0,0,1,0,0,1,1,0,1,
17,0,1,36,0,1,3,0,1,70,0,1,81,0,1,36,0,1,42,0,1,35,0,1,75,0,1,0,0,1,1,0,1,0,0,1,
7,0,1,71,0,1,33,0,1,52,0.8663366336633662,0.13366336633663378,78,0,1,51,0.9158415841584158,0.08415841584158429,90,0,1,9,0,1,96,0,1,0,0,1,0,0,1,1,0,1,
51,0.9158415841584158,0.08415841584158429,88,0,1,46,0,1,53,0.8168316831683167,0.18316831683168328,24,0,1,82,0,1,87,0,1,68,0.07425742574257424,0.9257425742574258,46,0,1,1,0,1,0,0,1,0,0,1,
19,0,1,NULL,NULL,NULL,NULL,NULL,NULL,6,0,1,NULL,NULL,NULL,29,0,1,NULL,NULL,NULL,29,0,1,NULL,NULL,NULL,0,0,1,1,0,1,0,0,1,
82,0,1,21,0,1,46,0,1,67,0.12376237623762375,0.8762376237623762,44,0,1,10,0,1,82,0,1,4,0,1,61,0.4207920792079207,0.5792079207920793,0,0,1,1,0,1,0,0,1,
48,0,1,91,0,1,NULL,NULL,NULL,31,0,1,60,0.4702970297029702,0.5297029702970297,25,0,1,19,0,1,38,0,1,NULL,NULL,NULL,0,0,1,0,0,1,1,0,1,
36,0,1,82,0,1,49,0,1,97,0,1,69,0.02475247524752475,0.9752475247524752,77,0,1,51,0.9158415841584158,0.08415841584158429,10,0,1,95,0,1,1,0,1,0,0,1,0,0,1,
1,0,1,97,0,1,54,0.7673267326732672,0.23267326732673277,46,0,1,26,0,1,37,0,1,72,0,1,19,0,1,40,0,1,0,0,1,0,0,1,1,0,1,
47,0,1,64,0.27227722772277224,0.7277227722772278,NULL,NULL,NULL,52,0.8663366336633662,0.13366336633663378,9,0,1,85,0,1,1,0,1,43,0,1,NULL,NULL,NULL,0,0,1,0,0,1,1,0,1,
76,0,1,35,0,1,NULL,NULL,NULL,74,0,1,25,0,1,96,0,1,5,0,1,83,0,1,NULL,NULL,NULL,0,0,1,1,0,1,0,0,1,
3,0,1,97,0,1,68,0.07425742574257424,0.9257425742574258,41,0,1,18,0,1,93,0,1,84,0,1,65,0.22277227722772275,0.7772277227722773,18,0,1,0,0,1,0,0,1,1,0,1,
31,0,1,38,0,1,NULL,NULL,NULL,45,0,1,NULL,NULL,NULL,78,0,1,NULL,NULL,NULL,36,0,1,NULL,NULL,NULL,1,0,1,0,0,1,0,0,1,
10,0,1,10,0,1,25,0,1,98,0,1,79,0,1,85,0,1,90,0,1,72,0,1,45,0,1,0,0,1,1,0,1,0,0,1,
14,0,1,NULL,NULL,NULL,NULL,NULL,NULL,90,0,1,NULL,NULL,NULL,77,0,1,NULL,NULL,NULL,76,0,1,NULL,NULL,NULL,0,0,1,0,0,1,1,0,1,
65,0.22277227722772275,0.7772277227722773,66,0.17326732673267325,0.8267326732673268,63,0.32178217821782173,0.6782178217821783,1,0,1,86,0,1,64,0.27227722772277224,0.7277227722772278,11,0,1,23,0,1,9,0,1,0,0,1,1,0,1,0,0,1,
92,0,1,0,0,1,12,0,1,14,0,1,57,0.6188118811881187,0.38118811881188125,10,0,1,45,0,1,55,0.7178217821782177,0.28217821782178226,79,0,1,1,0,1,0,0,1,0,0,1,
97,0,1,8,0,1,NULL,NULL,NULL,5,0,1,64,0.27227722772277224,0.7277227722772278,73,0,1,NULL,NULL,NULL,70,0,1,NULL,NULL,NULL,0,0,1,0,0,1,1,0,1,
57,0.6188118811881187,0.38118811881188125,68,0.07425742574257424,0.9257425742574258,NULL,NULL,NULL,30,0,1,NULL,NULL,NULL,94,0,1,NULL,NULL,NULL,82,0,1,NULL,NULL,NULL,0,0,1,1,0,1,0,0,1,
64,0.27227722772277224,0.7277227722772278,28,0,1,8,0,1,48,0,1,64,0.27227722772277224,0.7277227722772278,55,0.7178217821782177,0.28217821782178226,73,0,1,98,0,1,21,0,1,0,0,1,1,0,1,0,0,1,
95,0,1,NULL,NULL,NULL,NULL,NULL,NULL,83,0,1,NULL,NULL,NULL,93,0,1,NULL,NULL,NULL,1,0,1,NULL,NULL,NULL,0,0,1,0,0,1,1,0,1,
55,0.7178217821782177,0.28217821782178226,27,0,1,20,0,1,4,0,1,26,0,1,85,0,1,100,0,1,52,0.8663366336633662,0.13366336633663378,14,0,1,0,0,1,0,0,1,1,0,1,
59,0.5198019801980197,0.4801980198019803,71,0,1,33,0,1,89,0,1,57,0.6188118811881187,0.38118811881188125,92,0,1,65,0.22277227722772275,0.7772277227722773,26,0,1,4,0,1,0,0,1,1,0,1,0,0,1,
83,0,1,25,0,1,97,0,1,67,0.12376237623762375,0.8762376237623762,21,0,1,41,0,1,52,0.8663366336633662,0.13366336633663378,39,0,1,74,0,1,0,0,1,0,0,1,1,0,1,
68,0.07425742574257424,0.9257425742574258,NULL,NULL,NULL,NULL,NULL,NULL,68,0.07425742574257424,0.9257425742574258,NULL,NULL,NULL,44,0,1,NULL,NULL,NULL,NULL,NULL,NULL,NULL,NULL,NULL,1,0,1,0,0,1,0,0,1,
83,0,1,60,0.4702970297029702,0.5297029702970297,94,0,1,86,0,1,52,0.8663366336633662,0.13366336633663378,93,0,1,54,0.7673267326732672,0.23267326732673277,71,0,1,19,0,1,0,0,1,0,0,1,1,0,1,
10,0,1,38,0,1,18,0,1,87,0,1,7,0,1,62,0.37128712871287123,0.6287128712871287,92,0,1,84,0,1,9,0,1,0,0,1,0,0,1,1,0,1,
87,0,1,NULL,NULL,NULL,NULL,NULL,NULL,40,0,1,NULL,NULL,NULL,19,0,1,NULL,NULL,NULL,94,0,1,NULL,NULL,NULL,0,0,1,1,0,1,0,0,1,
6,0,1,81,0,1,NULL,NULL,NULL,19,0,1,67,0.12376237623762375,0.8762376237623762,2,0,1,47,0,1,99,0,1,NULL,NULL,NULL,0,0,1,0,0,1,1,0,1,
58,0.5693069306930693,0.4306930693069308,70,0,1,55,0.7178217821782177,0.28217821782178226,93,0,1,99,0,1,46,0,1,23,0,1,45,0,1,54,0.7673267326732672,0.23267326732673277,0,0,1,0,0,1,1,0,1,
35,0,1,NULL,NULL,NULL,NULL,NULL,NULL,24,0,1,NULL,NULL,NULL,43,0,1,NULL,NULL,NULL,60,0.4702970297029702,0.5297029702970297,NULL,NULL,NULL,1,0,1,0,0,1,0,0,1,
30,0,1,75,0,1,NULL,NULL,NULL,58,0.5693069306930693,0.4306930693069308,12,0,1,45,0,1,NULL,NULL,NULL,22,0,1,NULL,NULL,NULL,0,0,1,0,0,1,1,0,1,
52,0.8663366336633662,0.13366336633663378,95,0,1,89,0,1,8,0,1,86,0,1,65,0.22277227722772275,0.7772277227722773,2,0,1,52,0.8663366336633662,0.13366336633663378,7,0,1,0,0,1,1,0,1,0,0,1,
29,0,1,NULL,NULL,NULL,NULL,NULL,NULL,97,0,1,NULL,NULL,NULL,82,0,1,NULL,NULL,NULL,22,0,1,NULL,NULL,NULL,0,0,1,0,0,1,1,0,1,
73,0,1,92,0,1,20,0,1,57,0.6188118811881187,0.38118811881188125,81,0,1,10,0,1,54,0.7673267326732672,0.23267326732673277,23,0,1,30,0,1,1,0,1,0,0,1,0,0,1,
69,0.02475247524752475,0.9752475247524752,91,0,1,NULL,NULL,NULL,37,0,1,99,0,1,9,0,1,NULL,NULL,NULL,23,0,1,NULL,NULL,NULL,0,0,1,1,0,1,0,0,1,
33,0,1,NULL,NULL,NULL,NULL,NULL,NULL,52,0.8663366336633662,0.13366336633663378,NULL,NULL,NULL,30,0,1,NULL,NULL,NULL,15,0,1,NULL,NULL,NULL,0,0,1,0,0,1,1,0,1,
60,0.4702970297029702,0.5297029702970297,28,0,1,17,0,1,65,0.22277227722772275,0.7772277227722773,76,0,1,88,0,1,95,0,1,42,0,1,30,0,1,0,0,1,1,0,1,0,0,1,
39,0,1,NULL,NULL,NULL,NULL,NULL,NULL,61,0.4207920792079207,0.5792079207920793,NULL,NULL,NULL,24,0,1,NULL,NULL,NULL,NULL,NULL,NULL,NULL,NULL,NULL,0,0,1,0,0,1,1,0,1,
37,0,1,37,0,1,38,0,1,52,0.8663366336633662,0.13366336633663378,21,0,1,44,0,1,82,0,1,10,0,1,59,0.5198019801980197,0.4801980198019803,0,0,1,0,0,1,1,0,1,
3,0,1,24,0,1,25,0,1,90,0,1,16,0,1,87,0,1,26,0,1,77,0,1,78,0,1,0,0,1,1,0,1,0,0,1,
50,0.9653465346534652,0.03465346534653479,NULL,NULL,NULL,NULL,NULL,NULL,92,0,1,NULL,NULL,NULL,96,0,1,NULL,NULL,NULL,NULL,NULL,NULL,NULL,NULL,NULL,0,0,1,0,0,1,1,0,1,
39,0,1,24,0,1,92,0,1,39,0,1,63,0.32178217821782173,0.6782178217821783,92,0,1,53,0.8168316831683167,0.18316831683168328,53,0.8168316831683167,0.18316831683168328,98,0,1,1,0,1,0,0,1,0,0,1,
89,0,1,NULL,NULL,NULL,NULL,NULL,NULL,51,0.9158415841584158,0.08415841584158429,NULL,NULL,NULL,49,0,1,NULL,NULL,NULL,NULL,NULL,NULL,NULL,NULL,NULL,0,0,1,1,0,1,0,0,1,
29,0,1,37,0,1,32,0,1,61,0.4207920792079207,0.5792079207920793,42,0,1,40,0,1,16,0,1,73,0,1,72,0,1,0,0,1,1,0,1,0,0,1,
26,0,1,14,0,1,NULL,NULL,NULL,71,0,1,58,0.5693069306930693,0.4306930693069308,4,0,1,NULL,NULL,NULL,54,0.7673267326732672,0.23267326732673277,NULL,NULL,NULL,0,0,1,1,0,1,0,0,1,
23,0,1,44,0,1,78,0,1,2,0,1,11,0,1,26,0,1,43,0,1,93,0,1,34,0,1,0,0,1,1,0,1,0,0,1,
10,0,1,91,0,1,NULL,NULL,NULL,95,0,1,100,0,1,88,0,1,19,0,1,30,0,1,NULL,NULL,NULL,0,0,1,1,0,1,0,0,1,
88,0,1,84,0,1,NULL,NULL,NULL,32,0,1,69,0.02475247524752475,0.9752475247524752,93,0,1,NULL,NULL,NULL,46,0,1,NULL,NULL,NULL,1,0,1,0,0,1,0,0,1,
68,0.07425742574257424,0.9257425742574258,66,0.17326732673267325,0.8267326732673268,NULL,NULL,NULL,78,0,1,NULL,NULL,NULL,37,0,1,NULL,NULL,NULL,26,0,1,NULL,NULL,NULL,0,0,1,0,0,1,1,0,1,
16,0,1,56,0.6683168316831682,0.33168316831683176,72,0,1,11,0,1,6,0,1,45,0,1,49,0,1,60,0.4702970297029702,0.5297029702970297,76,0,1,0,0,1,1,0,1,0,0,1,
56,0.6683168316831682,0.33168316831683176,NULL,NULL,NULL,NULL,NULL,NULL,90,0,1,NULL,NULL,NULL,8,0,1,NULL,NULL,NULL,30,0,1,NULL,NULL,NULL,1,0,1,0,0,1,0,0,1,
90,0,1,22,0,1,NULL,NULL,NULL,37,0,1,81,0,1,80,0,1,NULL,NULL,NULL,29,0,1,NULL,NULL,NULL,0,0,1,0,0,1,1,0,1,
17,0,1,66,0.17326732673267325,0.8267326732673268,93,0,1,88,0,1,26,0,1,90,0,1,54,0.7673267326732672,0.23267326732673277,76,0,1,99,0,1,0,0,1,0,0,1,1,0,1,
34,0,1,NULL,NULL,NULL,NULL,NULL,NULL,79,0,1,NULL,NULL,NULL,10,0,1,NULL,NULL,NULL,NULL,NULL,NULL,NULL,NULL,NULL,1,0,1,0,0,1,0,0,1,
71,0,1,59,0.5198019801980197,0.4801980198019803,NULL,NULL,NULL,45,0,1,29,0,1,65,0.22277227722772275,0.7772277227722773,NULL,NULL,NULL,10,0,1,NULL,NULL,NULL,0,0,1,1,0,1,0,0,1,
80,0,1,49,0,1,86,0,1,96,0,1,17,0,1,90,0,1,23,0,1,26,0,1,19,0,1,0,0,1,0,0,1,1,0,1,
23,0,1,94,0,1,32,0,1,28,0,1,19,0,1,100,0,1,89,0,1,14,0,1,54,0.7673267326732672,0.23267326732673277,0,0,1,1,0,1,0,0,1,
54,0.7673267326732672,0.23267326732673277,43,0,1,43,0,1,23,0,1,16,0,1,32,0,1,42,0,1,67,0.12376237623762375,0.8762376237623762,86,0,1,1,0,1,0,0,1,0,0,1,
37,0,1,48,0,1,82,0,1,18,0,1,24,0,1,41,0,1,39,0,1,61,0.4207920792079207,0.5792079207920793,50,0.9653465346534652,0.03465346534653479,0,0,1,0,0,1,1,0,1,
0,0,1,6,0,1,86,0,1,88,0,1,100,0,1,18,0,1,22,0,1,30,0,1,44,0,1,0,0,1,1,0,1,0,0,1,
49,0,1,79,0,1,5,0,1,59,0.5198019801980197,0.4801980198019803,6,0,1,56,0.6683168316831682,0.33168316831683176,69,0.02475247524752475,0.9752475247524752,100,0,1,83,0,1,1,0,1,0,0,1,0,0,1,
14,0,1,NULL,NULL,NULL,NULL,NULL,NULL,13,0,1,NULL,NULL,NULL,86,0,1,NULL,NULL,NULL,NULL,NULL,NULL,NULL,NULL,NULL,0,0,1,1,0,1,0,0,1,
76,0,1,83,0,1,NULL,NULL,NULL,15,0,1,80,0,1,84,0,1,NULL,NULL,NULL,8,0,1,NULL,NULL,NULL,1,0,1,0,0,1,0,0,1,
44,0,1,5,0,1,44,0,1,21,0,1,93,0,1,77,0,1,70,0,1,43,0,1,91,0,1,0,0,1,1,0,1,0,0,1,
87,0,1,40,0,1,NULL,NULL,NULL,51,0.9158415841584158,0.08415841584158429,NULL,NULL,NULL,77,0,1,NULL,NULL,NULL,27,0,1,NULL,NULL,NULL,1,0,1,0,0,1,0,0,1,
90,0,1,66,0.17326732673267325,0.8267326732673268,NULL,NULL,NULL,83,0,1,80,0,1,94,0,1,75,0,1,71,0,1,NULL,NULL,NULL,0,0,1,1,0,1,0,0,1,
42,0,1,10,0,1,77,0,1,66,0.17326732673267325,0.8267326732673268,8,0,1,86,0,1,33,0,1,14,0,1,20,0,1,0,0,1,0,0,1,1,0,1,
94,0,1,83,0,1,58,0.5693069306930693,0.4306930693069308,94,0,1,67,0.12376237623762375,0.8762376237623762,35,0,1,13,0,1,61,0.4207920792079207,0.5792079207920793,48,0,1,1,0,1,0,0,1,0,0,1,
3,0,1,70,0,1,NULL,NULL,NULL,76,0,1,69,0.02475247524752475,0.9752475247524752,100,0,1,NULL,NULL,NULL,99,0,1,NULL,NULL,NULL,0,0,1,0,0,1,1,0,1,
69,0.02475247524752475,0.9752475247524752,56,0.6683168316831682,0.33168316831683176,3,0,1,76,0,1,20,0,1,96,0,1,49,0,1,84,0,1,85,0,1,1,0,1,0,0,1,0,0,1,
24,0,1,44,0,1,34,0,1,32,0,1,98,0,1,6,0,1,85,0,1,63,0.32178217821782173,0.6782178217821783,32,0,1,0,0,1,1,0,1,0,0,1,
79,0,1,35,0,1,46,0,1,33,0,1,87,0,1,94,0,1,61,0.4207920792079207,0.5792079207920793,55,0.7178217821782177,0.28217821782178226,61,0.4207920792079207,0.5792079207920793,1,0,1,0,0,1,0,0,1,
5,0,1,85,0,1,NULL,NULL,NULL,74,0,1,63,0.32178217821782173,0.6782178217821783,32,0,1,60,0.4702970297029702,0.5297029702970297,18,0,1,NULL,NULL,NULL,0,0,1,1,0,1,0,0,1,
25,0,1,NULL,NULL,NULL,NULL,NULL,NULL,61,0.4207920792079207,0.5792079207920793,NULL,NULL,NULL,44,0,1,NULL,NULL,NULL,85,0,1,NULL,NULL,NULL,0,0,1,0,0,1,1,0,1,
20,0,1,78,0,1,29,0,1,39,0,1,12,0,1,2,0,1,85,0,1,22,0,1,52,0.8663366336633662,0.13366336633663378,0,0,1,0,0,1,1,0,1,
62,0.37128712871287123,0.6287128712871287,NULL,NULL,NULL,NULL,NULL,NULL,76,0,1,NULL,NULL,NULL,4,0,1,NULL,NULL,NULL,22,0,1,NULL,NULL,NULL,1,0,1,0,0,1,0,0,1,
30,0,1,51,0.9158415841584158,0.08415841584158429,NULL,NULL,NULL,55,0.7178217821782177,0.28217821782178226,29,0,1,29,0,1,56,0.6683168316831682,0.33168316831683176,62,0.37128712871287123,0.6287128712871287,NULL,NULL,NULL,0,0,1,1,0,1,0,0,1,
83,0,1,1,0,1,NULL,NULL,NULL,3,0,1,NULL,NULL,NULL,57,0.6188118811881187,0.38118811881188125,NULL,NULL,NULL,22,0,1,NULL,NULL,NULL,0,0,1,1,0,1,0,0,1,
13,0,1,NULL,NULL,NULL,NULL,NULL,NULL,42,0,1,NULL,NULL,NULL,98,0,1,NULL,NULL,NULL,NULL,NULL,NULL,NULL,NULL,NULL,1,0,1,0,0,1,0,0,1,
58,0.5693069306930693,0.4306930693069308,82,0,1,68,0.07425742574257424,0.9257425742574258,36,0,1,98,0,1,67,0.12376237623762375,0.8762376237623762,57,0.6188118811881187,0.38118811881188125,79,0,1,44,0,1,1,0,1,0,0,1,0,0,1,
82,0,1,44,0,1,2,0,1,57,0.6188118811881187,0.38118811881188125,93,0,1,5,0,1,34,0,1,98,0,1,99,0,1,0,0,1,0,0,1,1,0,1,
61,0.4207920792079207,0.5792079207920793,34,0,1,53,0.8168316831683167,0.18316831683168328,68,0.07425742574257424,0.9257425742574258,56,0.6683168316831682,0.33168316831683176,50,0.9653465346534652,0.03465346534653479,14,0,1,28,0,1,41,0,1,1,0,1,0,0,1,0,0,1,
94,0,1,6,0,1,NULL,NULL,NULL,84,0,1,50,0.9653465346534652,0.03465346534653479,5,0,1,16,0,1,42,0,1,NULL,NULL,NULL,0,0,1,0,0,1,1,0,1,
12,0,1,71,0,1,72,0,1,49,0,1,1,0,1,56,0.6683168316831682,0.33168316831683176,95,0,1,89,0,1,2,0,1,1,0,1,0,0,1,0,0,1,
38,0,1,61,0.4207920792079207,0.5792079207920793,83,0,1,71,0,1,63,0.32178217821782173,0.6782178217821783,13,0,1,72,0,1,94,0,1,20,0,1,0,0,1,0,0,1,1,0,1,
47,0,1,NULL,NULL,NULL,NULL,NULL,NULL,28,0,1,NULL,NULL,NULL,72,0,1,NULL,NULL,NULL,NULL,NULL,NULL,NULL,NULL,NULL,1,0,1,0,0,1,0,0,1,
64,0.27227722772277224,0.7277227722772278,69,0.02475247524752475,0.9752475247524752,NULL,NULL,NULL,44,0,1,NULL,NULL,NULL,13,0,1,NULL,NULL,NULL,95,0,1,NULL,NULL,NULL,0,0,1,1,0,1,0,0,1,
59,0.5198019801980197,0.4801980198019803,NULL,NULL,NULL,NULL,NULL,NULL,13,0,1,NULL,NULL,NULL,5,0,1,NULL,NULL,NULL,60,0.4702970297029702,0.5297029702970297,NULL,NULL,NULL,0,0,1,0,0,1,1,0,1,
87,0,1,NULL,NULL,NULL,NULL,NULL,NULL,36,0,1,NULL,NULL,NULL,99,0,1,NULL,NULL,NULL,15,0,1,NULL,NULL,NULL,0,0,1,1,0,1,0,0,1,
31,0,1,NULL,NULL,NULL,NULL,NULL,NULL,51,0.9158415841584158,0.08415841584158429,NULL,NULL,NULL,90,0,1,NULL,NULL,NULL,79,0,1,NULL,NULL,NULL,1,0,1,0,0,1,0,0,1,
58,0.5693069306930693,0.4306930693069308,NULL,NULL,NULL,NULL,NULL,NULL,31,0,1,NULL,NULL,NULL,35,0,1,NULL,NULL,NULL,38,0,1,NULL,NULL,NULL,1,0,1,0,0,1,0,0,1,
15,0,1,NULL,NULL,NULL,NULL,NULL,NULL,10,0,1,NULL,NULL,NULL,4,0,1,NULL,NULL,NULL,49,0,1,NULL,NULL,NULL,1,0,1,0,0,1,0,0,1,
22,0,1,73,0,1,21,0,1,87,0,1,64,0.27227722772277224,0.7277227722772278,29,0,1,35,0,1,83,0,1,35,0,1,0,0,1,1,0,1,0,0,1,
74,0,1,88,0,1,NULL,NULL,NULL,38,0,1,20,0,1,84,0,1,42,0,1,37,0,1,NULL,NULL,NULL,0,0,1,0,0,1,1,0,1,
79,0,1,80,0,1,NULL,NULL,NULL,38,0,1,52,0.8663366336633662,0.13366336633663378,33,0,1,NULL,NULL,NULL,13,0,1,NULL,NULL,NULL,0,0,1,1,0,1,0,0,1,
96,0,1,64,0.27227722772277224,0.7277227722772278,NULL,NULL,NULL,25,0,1,61,0.4207920792079207,0.5792079207920793,13,0,1,36,0,1,94,0,1,NULL,NULL,NULL,0,0,1,0,0,1,1,0,1,
45,0,1,85,0,1,93,0,1,64,0.27227722772277224,0.7277227722772278,50,0.9653465346534652,0.03465346534653479,63,0.32178217821782173,0.6782178217821783,33,0,1,49,0,1,94,0,1,1,0,1,0,0,1,0,0,1,
60,0.4702970297029702,0.5297029702970297,29,0,1,NULL,NULL,NULL,30,0,1,38,0,1,52,0.8663366336633662,0.13366336633663378,12,0,1,34,0,1,NULL,NULL,NULL,0,0,1,1,0,1,0,0,1,
68,0.07425742574257424,0.9257425742574258,58,0.5693069306930693,0.4306930693069308,11,0,1,94,0,1,89,0,1,96,0,1,53,0.8168316831683167,0.18316831683168328,79,0,1,51,0.9158415841584158,0.08415841584158429,0,0,1,0,0,1,1,0,1,
88,0,1,64,0.27227722772277224,0.7277227722772278,NULL,NULL,NULL,71,0,1,88,0,1,14,0,1,NULL,NULL,NULL,75,0,1,NULL,NULL,NULL,0,0,1,0,0,1,1,0,1,
39,0,1,NULL,NULL,NULL,NULL,NULL,NULL,69,0.02475247524752475,0.9752475247524752,NULL,NULL,NULL,67,0.12376237623762375,0.8762376237623762,NULL,NULL,NULL,8,0,1,NULL,NULL,NULL,0,0,1,1,0,1,0,0,1,
10,0,1,67,0.12376237623762375,0.8762376237623762,17,0,1,53,0.8168316831683167,0.18316831683168328,80,0,1,33,0,1,63,0.32178217821782173,0.6782178217821783,48,0,1,57,0.6188118811881187,0.38118811881188125,0,0,1,1,0,1,0,0,1,
37,0,1,NULL,NULL,NULL,NULL,NULL,NULL,92,0,1,NULL,NULL,NULL,6,0,1,NULL,NULL,NULL,58,0.5693069306930693,0.4306930693069308,NULL,NULL,NULL,0,0,1,1,0,1,0,0,1,
23,0,1,100,0,1,96,0,1,75,0,1,53,0.8168316831683167,0.18316831683168328,49,0,1,12,0,1,1,0,1,4,0,1,0,0,1,0,0,1,1,0,1,
22,0,1,NULL,NULL,NULL,NULL,NULL,NULL,83,0,1,NULL,NULL,NULL,88,0,1,NULL,NULL,NULL,85,0,1,NULL,NULL,NULL,1,0,1,0,0,1,0,0,1,
75,0,1,16,0,1,81,0,1,21,0,1,41,0,1,18,0,1,54,0.7673267326732672,0.23267326732673277,97,0,1,29,0,1,1,0,1,0,0,1,0,0,1,
61,0.4207920792079207,0.5792079207920793,NULL,NULL,NULL,NULL,NULL,NULL,26,0,1,NULL,NULL,NULL,55,0.7178217821782177,0.28217821782178226,NULL,NULL,NULL,NULL,NULL,NULL,NULL,NULL,NULL,0,0,1,1,0,1,0,0,1,
5,0,1,70,0,1,NULL,NULL,NULL,64,0.27227722772277224,0.7277227722772278,35,0,1,22,0,1,91,0,1,10,0,1,NULL,NULL,NULL,1,0,1,0,0,1,0,0,1,
6,0,1,NULL,NULL,NULL,NULL,NULL,NULL,58,0.5693069306930693,0.4306930693069308,NULL,NULL,NULL,27,0,1,NULL,NULL,NULL,NULL,NULL,NULL,NULL,NULL,NULL,0,0,1,0,0,1,1,0,1,
45,0,1,92,0,1,2,0,1,33,0,1,92,0,1,7,0,1,62,0.37128712871287123,0.6287128712871287,1,0,1,39,0,1,1,0,1,0,0,1,0,0,1,
55,0.7178217821782177,0.28217821782178226,13,0,1,85,0,1,86,0,1,74,0,1,42,0,1,28,0,1,99,0,1,13,0,1,0,0,1,1,0,1,0,0,1,
50,0.9653465346534652,0.03465346534653479,72,0,1,NULL,NULL,NULL,97,0,1,72,0,1,23,0,1,NULL,NULL,NULL,31,0,1,NULL,NULL,NULL,0,0,1,0,0,1,1,0,1,
32,0,1,12,0,1,NULL,NULL,NULL,75,0,1,30,0,1,14,0,1,54,0.7673267326732672,0.23267326732673277,55,0.7178217821782177,0.28217821782178226,NULL,NULL,NULL,0,0,1,0,0,1,1,0,1,
58,0.5693069306930693,0.4306930693069308,45,0,1,61,0.4207920792079207,0.5792079207920793,54,0.7673267326732672,0.23267326732673277,52,0.8663366336633662,0.13366336633663378,80,0,1,24,0,1,73,0,1,48,0,1,1,0,1,0,0,1,0,0,1,
45,0,1,58,0.5693069306930693,0.4306930693069308,NULL,NULL,NULL,7,0,1,94,0,1,65,0.22277227722772275,0.7772277227722773,NULL,NULL,NULL,89,0,1,NULL,NULL,NULL,0,0,1,1,0,1,0,0,1,
63,0.32178217821782173,0.6782178217821783,91,0,1,82,0,1,13,0,1,92,0,1,97,0,1,20,0,1,21,0,1,60,0.4702970297029702,0.5297029702970297,0,0,1,0,0,1,1,0,1,
40,0,1,91,0,1,58,0.5693069306930693,0.4306930693069308,83,0,1,91,0,1,25,0,1,86,0,1,6,0,1,93,0,1,0,0,1,1,0,1,0,0,1,
42,0,1,82,0,1,24,0,1,23,0,1,56,0.6683168316831682,0.33168316831683176,20,0,1,24,0,1,42,0,1,66,0.17326732673267325,0.8267326732673268,0,0,1,1,0,1,0,0,1,
75,0,1,52,0.8663366336633662,0.13366336633663378,83,0,1,64,0.27227722772277224,0.7277227722772278,35,0,1,79,0,1,65,0.22277227722772275,0.7772277227722773,97,0,1,56,0.6683168316831682,0.33168316831683176,1,0,1,0,0,1,0,0,1,
64,0.27227722772277224,0.7277227722772278,51,0.9158415841584158,0.08415841584158429,70,0,1,26,0,1,63,0.32178217821782173,0.6782178217821783,17,0,1,70,0,1,81,0,1,79,0,1,0,0,1,0,0,1,1,0,1,
74,0,1,NULL,NULL,NULL,NULL,NULL,NULL,12,0,1,NULL,NULL,NULL,2,0,1,NULL,NULL,NULL,NULL,NULL,NULL,NULL,NULL,NULL,1,0,1,0,0,1,0,0,1,
1,0,1,80,0,1,NULL,NULL,NULL,60,0.4702970297029702,0.5297029702970297,NULL,NULL,NULL,91,0,1,NULL,NULL,NULL,65,0.22277227722772275,0.7772277227722773,NULL,NULL,NULL,0,0,1,0,0,1,1,0,1,
93,0,1,85,0,1,17,0,1,68,0.07425742574257424,0.9257425742574258,41,0,1,79,0,1,80,0,1,69,0.02475247524752475,0.9752475247524752,4,0,1,0,0,1,0,0,1,1,0,1,
73,0,1,60,0.4702970297029702,0.5297029702970297,NULL,NULL,NULL,24,0,1,37,0,1,20,0,1,NULL,NULL,NULL,19,0,1,NULL,NULL,NULL,1,0,1,0,0,1,0,0,1,
94,0,1,NULL,NULL,NULL,NULL,NULL,NULL,62,0.37128712871287123,0.6287128712871287,NULL,NULL,NULL,33,0,1,NULL,NULL,NULL,57,0.6188118811881187,0.38118811881188125,NULL,NULL,NULL,0,0,1,1,0,1,0,0,1,
86,0,1,NULL,NULL,NULL,NULL,NULL,NULL,20,0,1,NULL,NULL,NULL,15,0,1,NULL,NULL,NULL,52,0.8663366336633662,0.13366336633663378,NULL,NULL,NULL,1,0,1,0,0,1,0,0,1,
93,0,1,80,0,1,91,0,1,93,0,1,96,0,1,73,0,1,25,0,1,85,0,1,57,0.6188118811881187,0.38118811881188125,0,0,1,1,0,1,0,0,1,
51,0.9158415841584158,0.08415841584158429,34,0,1,NULL,NULL,NULL,86,0,1,NULL,NULL,NULL,41,0,1,NULL,NULL,NULL,14,0,1,NULL,NULL,NULL,0,0,1,0,0,1,1,0,1,
75,0,1,11,0,1,NULL,NULL,NULL,59,0.5198019801980197,0.4801980198019803,93,0,1,81,0,1,NULL,NULL,NULL,79,0,1,NULL,NULL,NULL,0,0,1,1,0,1,0,0,1,
13,0,1,30,0,1,NULL,NULL,NULL,75,0,1,31,0,1,22,0,1,NULL,NULL,NULL,15,0,1,NULL,NULL,NULL,1,0,1,0,0,1,0,0,1,
76,0,1,16,0,1,67,0.12376237623762375,0.8762376237623762,60,0.4702970297029702,0.5297029702970297,17,0,1,81,0,1,45,0,1,48,0,1,51,0.9158415841584158,0.08415841584158429,0,0,1,1,0,1,0,0,1,
3,0,1,81,0,1,70,0,1,55,0.7178217821782177,0.28217821782178226,44,0,1,0,0,1,2,0,1,1,0,1,99,0,1,0,0,1,0,0,1,1,0,1,
44,0,1,44,0,1,76,0,1,38,0,1,84,0,1,21,0,1,70,0,1,72,0,1,49,0,1,1,0,1,0,0,1,0,0,1,
20,0,1,62,0.37128712871287123,0.6287128712871287,93,0,1,5,0,1,98,0,1,23,0,1,74,0,1,34,0,1,18,0,1,0,0,1,0,0,1,1,0,1,
59,0.5198019801980197,0.4801980198019803,3,0,1,80,0,1,91,0,1,95,0,1,23,0,1,9,0,1,19,0,1,97,0,1,0,0,1,1,0,1,0,0,1,
61,0.4207920792079207,0.5792079207920793,NULL,NULL,NULL,NULL,NULL,NULL,33,0,1,NULL,NULL,NULL,23,0,1,NULL,NULL,NULL,NULL,NULL,NULL,NULL,NULL,NULL,0,0,1,0,0,1,1,0,1,
47,0,1,76,0,1,51,0.9158415841584158,0.08415841584158429,80,0,1,7,0,1,37,0,1,65,0.22277227722772275,0.7772277227722773,88,0,1,29,0,1,1,0,1,0,0,1,0,0,1,
67,0.12376237623762375,0.8762376237623762,77,0,1,85,0,1,12,0,1,52,0.8663366336633662,0.13366336633663378,1,0,1,69,0.02475247524752475,0.9752475247524752,31,0,1,62,0.37128712871287123,0.6287128712871287,0,0,1,0,0,1,1,0,1,
72,0,1,NULL,NULL,NULL,NULL,NULL,NULL,12,0,1,NULL,NULL,NULL,100,0,1,NULL,NULL,NULL,NULL,NULL,NULL,NULL,NULL,NULL,0,0,1,0,0,1,1,0,1,
41,0,1,71,0,1,NULL,NULL,NULL,33,0,1,46,0,1,89,0,1,NULL,NULL,NULL,25,0,1,NULL,NULL,NULL,0,0,1,1,0,1,0,0,1,
62,0.37128712871287123,0.6287128712871287,14,0,1,99,0,1,98,0,1,15,0,1,48,0,1,54,0.7673267326732672,0.23267326732673277,17,0,1,55,0.7178217821782177,0.28217821782178226,1,0,1,0,0,1,0,0,1,
83,0,1,99,0,1,30,0,1,76,0,1,41,0,1,92,0,1,14,0,1,90,0,1,83,0,1,1,0,1,0,0,1,0,0,1,
58,0.5693069306930693,0.4306930693069308,30,0,1,NULL,NULL,NULL,46,0,1,97,0,1,18,0,1,37,0,1,37,0,1,NULL,NULL,NULL,0,0,1,1,0,1,0,0,1,
60,0.4702970297029702,0.5297029702970297,55,0.7178217821782177,0.28217821782178226,29,0,1,40,0,1,21,0,1,87,0,1,68,0.07425742574257424,0.9257425742574258,28,0,1,33,0,1,0,0,1,1,0,1,0,0,1,
32,0,1,94,0,1,NULL,NULL,NULL,42,0,1,26,0,1,28,0,1,42,0,1,100,0,1,NULL,NULL,NULL,1,0,1,0,0,1,0,0,1,
33,0,1,91,0,1,28,0,1,18,0,1,76,0,1,87,0,1,99,0,1,29,0,1,20,0,1,0,0,1,0,0,1,1,0,1,
39,0,1,83,0,1,23,0,1,38,0,1,27,0,1,61,0.4207920792079207,0.5792079207920793,74,0,1,12,0,1,61,0.4207920792079207,0.5792079207920793,0,0,1,1,0,1,0,0,1,
87,0,1,7,0,1,NULL,NULL,NULL,66,0.17326732673267325,0.8267326732673268,NULL,NULL,NULL,50,0.9653465346534652,0.03465346534653479,NULL,NULL,NULL,93,0,1,NULL,NULL,NULL,0,0,1,0,0,1,1,0,1,
40,0,1,6,0,1,NULL,NULL,NULL,51,0.9158415841584158,0.08415841584158429,NULL,NULL,NULL,80,0,1,NULL,NULL,NULL,49,0,1,NULL,NULL,NULL,0,0,1,1,0,1,0,0,1,
95,0,1,13,0,1,46,0,1,82,0,1,5,0,1,10,0,1,71,0,1,7,0,1,79,0,1,0,0,1,0,0,1,1,0,1,
50,0.9653465346534652,0.03465346534653479,46,0,1,92,0,1,75,0,1,73,0,1,57,0.6188118811881187,0.38118811881188125,17,0,1,85,0,1,52,0.8663366336633662,0.13366336633663378,0,0,1,1,0,1,0,0,1,
8,0,1,67,0.12376237623762375,0.8762376237623762,74,0,1,95,0,1,92,0,1,43,0,1,80,0,1,98,0,1,20,0,1,1,0,1,0,0,1,0,0,1,
64,0.27227722772277224,0.7277227722772278,97,0,1,NULL,NULL,NULL,74,0,1,65,0.22277227722772275,0.7772277227722773,43,0,1,NULL,NULL,NULL,50,0.9653465346534652,0.03465346534653479,NULL,NULL,NULL,1,0,1,0,0,1,0,0,1,
42,0,1,85,0,1,32,0,1,7,0,1,50,0.9653465346534652,0.03465346534653479,55,0.7178217821782177,0.28217821782178226,15,0,1,38,0,1,51,0.9158415841584158,0.08415841584158429,0,0,1,0,0,1,1,0,1,
30,0,1,47,0,1,NULL,NULL,NULL,34,0,1,NULL,NULL,NULL,9,0,1,NULL,NULL,NULL,24,0,1,NULL,NULL,NULL,1,0,1,0,0,1,0,0,1,
3,0,1,26,0,1,38,0,1,43,0,1,71,0,1,33,0,1,73,0,1,87,0,1,39,0,1,0,0,1,1,0,1,0,0,1,
41,0,1,NULL,NULL,NULL,NULL,NULL,NULL,91,0,1,NULL,NULL,NULL,16,0,1,NULL,NULL,NULL,39,0,1,NULL,NULL,NULL,1,0,1,0,0,1,0,0,1,
74,0,1,NULL,NULL,NULL,NULL,NULL,NULL,60,0.4702970297029702,0.5297029702970297,NULL,NULL,NULL,97,0,1,NULL,NULL,NULL,100,0,1,NULL,NULL,NULL,0,0,1,0,0,1,1,0,1,
76,0,1,32,0,1,7,0,1,37,0,1,74,0,1,70,0,1,54,0.7673267326732672,0.23267326732673277,10,0,1,90,0,1,1,0,1,0,0,1,0,0,1,
7,0,1,5,0,1,87,0,1,31,0,1,44,0,1,72,0,1,24,0,1,13,0,1,80,0,1,0,0,1,1,0,1,0,0,1,
77,0,1,58,0.5693069306930693,0.4306930693069308,NULL,NULL,NULL,59,0.5198019801980197,0.4801980198019803,32,0,1,87,0,1,NULL,NULL,NULL,40,0,1,NULL,NULL,NULL,0,0,1,0,0,1,1,0,1,
0,0,1,3,0,1,57,0.6188118811881187,0.38118811881188125,35,0,1,47,0,1,75,0,1,41,0,1,37,0,1,7,0,1,0,0,1,0,0,1,1,0,1,
25,0,1,44,0,1,NULL,NULL,NULL,79,0,1,NULL,NULL,NULL,57,0.6188118811881187,0.38118811881188125,NULL,NULL,NULL,90,0,1,NULL,NULL,NULL,0,0,1,0,0,1,1,0,1,
31,0,1,4,0,1,76,0,1,66,0.17326732673267325,0.8267326732673268,79,0,1,30,0,1,87,0,1,59,0.5198019801980197,0.4801980198019803,73,0,1,0,0,1,1,0,1,0,0,1,
95,0,1,27,0,1,NULL,NULL,NULL,29,0,1,NULL,NULL,NULL,88,0,1,NULL,NULL,NULL,21,0,1,NULL,NULL,NULL,0,0,1,0,0,1,1,0,1,
40,0,1,74,0,1,2,0,1,15,0,1,6,0,1,6,0,1,70,0,1,59,0.5198019801980197,0.4801980198019803,64,0.27227722772277224,0.7277227722772278,1,0,1,0,0,1,0,0,1,
58,0.5693069306930693,0.4306930693069308,2,0,1,52,0.8663366336633662,0.13366336633663378,86,0,1,39,0,1,25,0,1,77,0,1,49,0,1,62,0.37128712871287123,0.6287128712871287,0,0,1,1,0,1,0,0,1,
3,0,1,NULL,NULL,NULL,NULL,NULL,NULL,32,0,1,NULL,NULL,NULL,75,0,1,NULL,NULL,NULL,NULL,NULL,NULL,NULL,NULL,NULL,0,0,1,0,0,1,1,0,1,
47,0,1,NULL,NULL,NULL,NULL,NULL,NULL,68,0.07425742574257424,0.9257425742574258,NULL,NULL,NULL,89,0,1,NULL,NULL,NULL,81,0,1,NULL,NULL,NULL,0,0,1,1,0,1,0,0,1,
81,0,1,18,0,1,NULL,NULL,NULL,15,0,1,56,0.6683168316831682,0.33168316831683176,95,0,1,NULL,NULL,NULL,95,0,1,NULL,NULL,NULL,1,0,1,0,0,1,0,0,1,
100,0,1,NULL,NULL,NULL,NULL,NULL,NULL,78,0,1,NULL,NULL,NULL,59,0.5198019801980197,0.4801980198019803,NULL,NULL,NULL,6,0,1,NULL,NULL,NULL,0,0,1,0,0,1,1,0,1,
33,0,1,43,0,1,91,0,1,4,0,1,10,0,1,35,0,1,38,0,1,85,0,1,26,0,1,0,0,1,1,0,1,0,0,1,
85,0,1,42,0,1,96,0,1,41,0,1,85,0,1,57,0.6188118811881187,0.38118811881188125,44,0,1,80,0,1,94,0,1,1,0,1,0,0,1,0,0,1,
68,0.07425742574257424,0.9257425742574258,59,0.5198019801980197,0.4801980198019803,NULL,NULL,NULL,65,0.22277227722772275,0.7772277227722773,33,0,1,74,0,1,NULL,NULL,NULL,87,0,1,NULL,NULL,NULL,0,0,1,0,0,1,1,0,1,
26,0,1,60,0.4702970297029702,0.5297029702970297,NULL,NULL,NULL,28,0,1,NULL,NULL,NULL,88,0,1,NULL,NULL,NULL,42,0,1,NULL,NULL,NULL,0,0,1,1,0,1,0,0,1,
4,0,1,19,0,1,15,0,1,9,0,1,60,0.4702970297029702,0.5297029702970297,0,0,1,85,0,1,36,0,1,29,0,1,1,0,1,0,0,1,0,0,1,
64,0.27227722772277224,0.7277227722772278,NULL,NULL,NULL,NULL,NULL,NULL,53,0.8168316831683167,0.18316831683168328,NULL,NULL,NULL,52,0.8663366336633662,0.13366336633663378,NULL,NULL,NULL,78,0,1,NULL,NULL,NULL,1,0,1,0,0,1,0,0,1,
45,0,1,NULL,NULL,NULL,NULL,NULL,NULL,86,0,1,NULL,NULL,NULL,67,0.12376237623762375,0.8762376237623762,NULL,NULL,NULL,NULL,NULL,NULL,NULL,NULL,NULL,0,0,1,1,0,1,0,0,1,
33,0,1,NULL,NULL,NULL,NULL,NULL,NULL,3,0,1,NULL,NULL,NULL,52,0.8663366336633662,0.13366336633663378,NULL,NULL,NULL,36,0,1,NULL,NULL,NULL,1,0,1,0,0,1,0,0,1,
45,0,1,39,0,1,NULL,NULL,NULL,74,0,1,54,0.7673267326732672,0.23267326732673277,87,0,1,NULL,NULL,NULL,69,0.02475247524752475,0.9752475247524752,NULL,NULL,NULL,0,0,1,0,0,1,1,0,1,
76,0,1,NULL,NULL,NULL,NULL,NULL,NULL,8,0,1,NULL,NULL,NULL,54,0.7673267326732672,0.23267326732673277,NULL,NULL,NULL,NULL,NULL,NULL,NULL,NULL,NULL,0,0,1,1,0,1,0,0,1,
83,0,1,49,0,1,NULL,NULL,NULL,69,0.02475247524752475,0.9752475247524752,22,0,1,73,0,1,62,0.37128712871287123,0.6287128712871287,92,0,1,NULL,NULL,NULL,0,0,1,1,0,1,0,0,1,
17,0,1,45,0,1,60,0.4702970297029702,0.5297029702970297,5,0,1,62,0.37128712871287123,0.6287128712871287,11,0,1,25,0,1,22,0,1,37,0,1,1,0,1,0,0,1,0,0,1,
79,0,1,81,0,1,57,0.6188118811881187,0.38118811881188125,0,0,1,94,0,1,20,0,1,78,0,1,7,0,1,45,0,1,0,0,1,0,0,1,1,0,1,
80,0,1,2,0,1,59,0.5198019801980197,0.4801980198019803,30,0,1,87,0,1,22,0,1,32,0,1,67,0.12376237623762375,0.8762376237623762,94,0,1,1,0,1,0,0,1,0,0,1,
40,0,1,35,0,1,NULL,NULL,NULL,1,0,1,1,0,1,51,0.9158415841584158,0.08415841584158429,NULL,NULL,NULL,50,0.9653465346534652,0.03465346534653479,NULL,NULL,NULL,0,0,1,1,0,1,0,0,1,
14,0,1,10,0,1,45,0,1,57,0.6188118811881187,0.38118811881188125,55,0.7178217821782177,0.28217821782178226,56,0.6683168316831682,0.33168316831683176,2,0,1,60,0.4702970297029702,0.5297029702970297,55,0.7178217821782177,0.28217821782178226,0,0,1,0,0,1,1,0,1,
96,0,1,39,0,1,63,0.32178217821782173,0.6782178217821783,56,0.6683168316831682,0.33168316831683176,58,0.5693069306930693,0.4306930693069308,68,0.07425742574257424,0.9257425742574258,87,0,1,77,0,1,33,0,1,0,0,1,1,0,1,0,0,1,
53,0.8168316831683167,0.18316831683168328,NULL,NULL,NULL,NULL,NULL,NULL,79,0,1,NULL,NULL,NULL,71,0,1,NULL,NULL,NULL,77,0,1,NULL,NULL,NULL,0,0,1,0,0,1,1,0,1,
9,0,1,11,0,1,NULL,NULL,NULL,84,0,1,NULL,NULL,NULL,98,0,1,NULL,NULL,NULL,36,0,1,NULL,NULL,NULL,0,0,1,1,0,1,0,0,1,
91,0,1,48,0,1,28,0,1,30,0,1,74,0,1,94,0,1,88,0,1,21,0,1,66,0.17326732673267325,0.8267326732673268,0,0,1,0,0,1,1,0,1,
23,0,1,NULL,NULL,NULL,NULL,NULL,NULL,84,0,1,NULL,NULL,NULL,43,0,1,NULL,NULL,NULL,NULL,NULL,NULL,NULL,NULL,NULL,0,0,1,0,0,1,1,0,1,
17,0,1,30,0,1,97,0,1,42,0,1,6,0,1,19,0,1,97,0,1,72,0,1,55,0.7178217821782177,0.28217821782178226,1,0,1,0,0,1,0,0,1,
39,0,1,19,0,1,NULL,NULL,NULL,85,0,1,NULL,NULL,NULL,5,0,1,NULL,NULL,NULL,50,0.9653465346534652,0.03465346534653479,NULL,NULL,NULL,0,0,1,1,0,1,0,0,1,
36,0,1,28,0,1,87,0,1,77,0,1,39,0,1,58,0.5693069306930693,0.4306930693069308,2,0,1,52,0.8663366336633662,0.13366336633663378,33,0,1,0,0,1,0,0,1,1,0,1,
3,0,1,NULL,NULL,NULL,NULL,NULL,NULL,35,0,1,NULL,NULL,NULL,22,0,1,NULL,NULL,NULL,69,0.02475247524752475,0.9752475247524752,NULL,NULL,NULL,1,0,1,0,0,1,0,0,1,
75,0,1,4,0,1,NULL,NULL,NULL,93,0,1,NULL,NULL,NULL,5,0,1,NULL,NULL,NULL,72,0,1,NULL,NULL,NULL,0,0,1,1,0,1,0,0,1,
19,0,1,13,0,1,78,0,1,77,0,1,91,0,1,60,0.4702970297029702,0.5297029702970297,17,0,1,52,0.8663366336633662,0.13366336633663378,28,0,1,0,0,1,0,0,1,1,0,1,
91,0,1,42,0,1,91,0,1,9,0,1,60,0.4702970297029702,0.5297029702970297,34,0,1,55,0.7178217821782177,0.28217821782178226,10,0,1,95,0,1,1,0,1,0,0,1,0,0,1,
17,0,1,NULL,NULL,NULL,NULL,NULL,NULL,27,0,1,NULL,NULL,NULL,83,0,1,NULL,NULL,NULL,20,0,1,NULL,NULL,NULL,0,0,1,1,0,1,0,0,1,
62,0.37128712871287123,0.6287128712871287,82,0,1,27,0,1,54,0.7673267326732672,0.23267326732673277,88,0,1,56,0.6683168316831682,0.33168316831683176,66,0.17326732673267325,0.8267326732673268,43,0,1,63,0.32178217821782173,0.6782178217821783,0,0,1,1,0,1,0,0,1,
68,0.07425742574257424,0.9257425742574258,39,0,1,NULL,NULL,NULL,91,0,1,NULL,NULL,NULL,71,0,1,NULL,NULL,NULL,97,0,1,NULL,NULL,NULL,0,0,1,1,0,1,0,0,1,
65,0.22277227722772275,0.7772277227722773,72,0,1,NULL,NULL,NULL,51,0.9158415841584158,0.08415841584158429,74,0,1,54,0.7673267326732672,0.23267326732673277,NULL,NULL,NULL,83,0,1,NULL,NULL,NULL,0,0,1,0,0,1,1,0,1,
57,0.6188118811881187,0.38118811881188125,11,0,1,8,0,1,70,0,1,48,0,1,54,0.7673267326732672,0.23267326732673277,50,0.9653465346534652,0.03465346534653479,56,0.6683168316831682,0.33168316831683176,20,0,1,0,0,1,0,0,1,1,0,1,
11,0,1,74,0,1,51,0.9158415841584158,0.08415841584158429,85,0,1,47,0,1,50,0.9653465346534652,0.03465346534653479,79,0,1,18,0,1,45,0,1,0,0,1,1,0,1,0,0,1,
6,0,1,28,0,1,44,0,1,52,0.8663366336633662,0.13366336633663378,52,0.8663366336633662,0.13366336633663378,77,0,1,71,0,1,73,0,1,8,0,1,0,0,1,0,0,1,1,0,1,
49,0,1,50,0.9653465346534652,0.03465346534653479,NULL,NULL,NULL,74,0,1,81,0,1,37,0,1,NULL,NULL,NULL,86,0,1,NULL,NULL,NULL,1,0,1,0,0,1,0,0,1,
58,0.5693069306930693,0.4306930693069308,12,0,1,1,0,1,80,0,1,59,0.5198019801980197,0.4801980198019803,93,0,1,30,0,1,89,0,1,19,0,1,0,0,1,1,0,1,0,0,1,
89,0,1,25,0,1,NULL,NULL,NULL,3,0,1,16,0,1,66,0.17326732673267325,0.8267326732673268,NULL,NULL,NULL,23,0,1,NULL,NULL,NULL,0,0,1,0,0,1,1,0,1,
82,0,1,65,0.22277227722772275,0.7772277227722773,12,0,1,22,0,1,94,0,1,80,0,1,71,0,1,72,0,1,100,0,1,1,0,1,0,0,1,0,0,1,
28,0,1,28,0,1,83,0,1,24,0,1,45,0,1,54,0.7673267326732672,0.23267326732673277,86,0,1,88,0,1,46,0,1,0,0,1,0,0,1,1,0,1,
86,0,1,NULL,NULL,NULL,NULL,NULL,NULL,20,0,1,NULL,NULL,NULL,82,0,1,NULL,NULL,NULL,NULL,NULL,NULL,NULL,NULL,NULL,0,0,1,0,0,1,1,0,1,
39,0,1,3,0,1,81,0,1,18,0,1,50,0.9653465346534652,0.03465346534653479,83,0,1,52,0.8663366336633662,0.13366336633663378,44,0,1,58,0.5693069306930693,0.4306930693069308,1,0,1,0,0,1,0,0,1,
68,0.07425742574257424,0.9257425742574258,80,0,1,NULL,NULL,NULL,98,0,1,24,0,1,70,0,1,44,0,1,87,0,1,18,0,1,0,0,1,1,0,1,0,0,1,
4,0,1,6,0,1,NULL,NULL,NULL,38,0,1,5,0,1,39,0,1,32,0,1,52,0.8663366336633662,0.13366336633663378,NULL,NULL,NULL,1,0,1,0,0,1,0,0,1,
68,0.07425742574257424,0.9257425742574258,69,0.02475247524752475,0.9752475247524752,NULL,NULL,NULL,84,0,1,27,0,1,27,0,1,61,0.4207920792079207,0.5792079207920793,80,0,1,NULL,NULL,NULL,1,0,1,0,0,1,0,0,1,
26,0,1,38,0,1,59,0.5198019801980197,0.4801980198019803,8,0,1,17,0,1,47,0,1,49,0,1,38,0,1,58,0.5693069306930693,0.4306930693069308,0,0,1,1,0,1,0,0,1,
27,0,1,57,0.6188118811881187,0.38118811881188125,NULL,NULL,NULL,48,0,1,89,0,1,70,0,1,NULL,NULL,NULL,29,0,1,NULL,NULL,NULL,0,0,1,0,0,1,1,0,1,
41,0,1,64,0.27227722772277224,0.7277227722772278,NULL,NULL,NULL,89,0,1,NULL,NULL,NULL,11,0,1,NULL,NULL,NULL,7,0,1,NULL,NULL,NULL,1,0,1,0,0,1,0,0,1,
98,0,1,1,0,1,2,0,1,98,0,1,57,0.6188118811881187,0.38118811881188125,12,0,1,51,0.9158415841584158,0.08415841584158429,13,0,1,37,0,1,0,0,1,1,0,1,0,0,1,
48,0,1,NULL,NULL,NULL,NULL,NULL,NULL,82,0,1,NULL,NULL,NULL,91,0,1,NULL,NULL,NULL,73,0,1,NULL,NULL,NULL,0,0,1,1,0,1,0,0,1,
30,0,1,64,0.27227722772277224,0.7277227722772278,NULL,NULL,NULL,12,0,1,NULL,NULL,NULL,18,0,1,NULL,NULL,NULL,69,0.02475247524752475,0.9752475247524752,NULL,NULL,NULL,0,0,1,0,0,1,1,0,1,
8,0,1,24,0,1,39,0,1,74,0,1,44,0,1,53,0.8168316831683167,0.18316831683168328,76,0,1,66,0.17326732673267325,0.8267326732673268,18,0,1,0,0,1,0,0,1,1,0,1,
19,0,1,36,0,1,NULL,NULL,NULL,100,0,1,50,0.9653465346534652,0.03465346534653479,93,0,1,NULL,NULL,NULL,30,0,1,NULL,NULL,NULL,1,0,1,0,0,1,0,0,1,
9,0,1,NULL,NULL,NULL,NULL,NULL,NULL,79,0,1,NULL,NULL,NULL,91,0,1,NULL,NULL,NULL,NULL,NULL,NULL,NULL,NULL,NULL,1,0,1,0,0,1,0,0,1,
83,0,1,57,0.6188118811881187,0.38118811881188125,NULL,NULL,NULL,48,0,1,NULL,NULL,NULL,40,0,1,NULL,NULL,NULL,21,0,1,NULL,NULL,NULL,0,0,1,0,0,1,1,0,1,
22,0,1,7,0,1,13,0,1,0,0,1,78,0,1,80,0,1,71,0,1,4,0,1,9,0,1,1,0,1,0,0,1,0,0,1,
90,0,1,13,0,1,NULL,NULL,NULL,58,0.5693069306930693,0.4306930693069308,57,0.6188118811881187,0.38118811881188125,41,0,1,NULL,NULL,NULL,50,0.9653465346534652,0.03465346534653479,NULL,NULL,NULL,0,0,1,1,0,1,0,0,1,
38,0,1,88,0,1,65,0.22277227722772275,0.7772277227722773,73,0,1,30,0,1,74,0,1,47,0,1,63,0.32178217821782173,0.6782178217821783,69,0.02475247524752475,0.9752475247524752,1,0,1,0,0,1,0,0,1,
68,0.07425742574257424,0.9257425742574258,92,0,1,NULL,NULL,NULL,91,0,1,NULL,NULL,NULL,32,0,1,NULL,NULL,NULL,98,0,1,NULL,NULL,NULL,0,0,1,1,0,1,0,0,1,
7,0,1,NULL,NULL,NULL,NULL,NULL,NULL,66,0.17326732673267325,0.8267326732673268,NULL,NULL,NULL,61,0.4207920792079207,0.5792079207920793,NULL,NULL,NULL,62,0.37128712871287123,0.6287128712871287,NULL,NULL,NULL,1,0,1,0,0,1,0,0,1,
33,0,1,10,0,1,NULL,NULL,NULL,45,0,1,NULL,NULL,NULL,89,0,1,NULL,NULL,NULL,42,0,1,NULL,NULL,NULL,0,0,1,1,0,1,0,0,1,
70,0,1,82,0,1,NULL,NULL,NULL,57,0.6188118811881187,0.38118811881188125,79,0,1,50,0.9653465346534652,0.03465346534653479,82,0,1,59,0.5198019801980197,0.4801980198019803,NULL,NULL,NULL,1,0,1,0,0,1,0,0,1,
8,0,1,70,0,1,13,0,1,68,0.07425742574257424,0.9257425742574258,79,0,1,75,0,1,70,0,1,26,0,1,88,0,1,0,0,1,1,0,1,0,0,1,
19,0,1,17,0,1,58,0.5693069306930693,0.4306930693069308,91,0,1,98,0,1,87,0,1,75,0,1,48,0,1,100,0,1,0,0,1,0,0,1,1,0,1,
61,0.4207920792079207,0.5792079207920793,9,0,1,45,0,1,88,0,1,71,0,1,45,0,1,17,0,1,42,0,1,32,0,1,1,0,1,0,0,1,0,0,1,
4,0,1,46,0,1,39,0,1,41,0,1,60,0.4702970297029702,0.5297029702970297,4,0,1,40,0,1,29,0,1,90,0,1,0,0,1,0,0,1,1,0,1,
49,0,1,81,0,1,NULL,NULL,NULL,61,0.4207920792079207,0.5792079207920793,50,0.9653465346534652,0.03465346534653479,16,0,1,NULL,NULL,NULL,8,0,1,NULL,NULL,NULL,1,0,1,0,0,1,0,0,1,
2,0,1,4,0,1,59,0.5198019801980197,0.4801980198019803,35,0,1,72,0,1,0,0,1,0,0,1,27,0,1,10,0,1,1,0,1,0,0,1,0,0,1,
60,0.4702970297029702,0.5297029702970297,81,0,1,57,0.6188118811881187,0.38118811881188125,16,0,1,28,0,1,77,0,1,62,0.37128712871287123,0.6287128712871287,99,0,1,38,0,1,0,0,1,1,0,1,0,0,1,
75,0,1,44,0,1,85,0,1,91,0,1,97,0,1,35,0,1,28,0,1,47,0,1,6,0,1,0,0,1,0,0,1,1,0,1,
51,0.9158415841584158,0.08415841584158429,74,0,1,NULL,NULL,NULL,18,0,1,27,0,1,47,0,1,NULL,NULL,NULL,58,0.5693069306930693,0.4306930693069308,NULL,NULL,NULL,1,0,1,0,0,1,0,0,1,
65,0.22277227722772275,0.7772277227722773,64,0.27227722772277224,0.7277227722772278,NULL,NULL,NULL,20,0,1,NULL,NULL,NULL,56,0.6683168316831682,0.33168316831683176,NULL,NULL,NULL,61,0.4207920792079207,0.5792079207920793,NULL,NULL,NULL,0,0,1,0,0,1,1,0,1,
64,0.27227722772277224,0.7277227722772278,38,0,1,NULL,NULL,NULL,7,0,1,NULL,NULL,NULL,13,0,1,NULL,NULL,NULL,52,0.8663366336633662,0.13366336633663378,NULL,NULL,NULL,0,0,1,0,0,1,1,0,1,
30,0,1,10,0,1,NULL,NULL,NULL,86,0,1,83,0,1,90,0,1,7,0,1,67,0.12376237623762375,0.8762376237623762,NULL,NULL,NULL,0,0,1,1,0,1,0,0,1,
86,0,1,78,0,1,20,0,1,14,0,1,89,0,1,30,0,1,34,0,1,18,0,1,97,0,1,0,0,1,1,0,1,0,0,1,
8,0,1,49,0,1,69,0.02475247524752475,0.9752475247524752,45,0,1,88,0,1,14,0,1,24,0,1,47,0,1,89,0,1,0,0,1,0,0,1,1,0,1,
82,0,1,NULL,NULL,NULL,NULL,NULL,NULL,41,0,1,NULL,NULL,NULL,35,0,1,NULL,NULL,NULL,100,0,1,NULL,NULL,NULL,1,0,1,0,0,1,0,0,1,
2,0,1,NULL,NULL,NULL,NULL,NULL,NULL,71,0,1,NULL,NULL,NULL,90,0,1,NULL,NULL,NULL,NULL,NULL,NULL,NULL,NULL,NULL,1,0,1,0,0,1,0,0,1,
18,0,1,58,0.5693069306930693,0.4306930693069308,40,0,1,46,0,1,56,0.6683168316831682,0.33168316831683176,63,0.32178217821782173,0.6782178217821783,58,0.5693069306930693,0.4306930693069308,38,0,1,3,0,1,1,0,1,0,0,1,0,0,1,
46,0,1,69,0.02475247524752475,0.9752475247524752,NULL,NULL,NULL,25,0,1,NULL,NULL,NULL,42,0,1,NULL,NULL,NULL,57,0.6188118811881187,0.38118811881188125,NULL,NULL,NULL,0,0,1,1,0,1,0,0,1,
44,0,1,39,0,1,27,0,1,23,0,1,70,0,1,91,0,1,5,0,1,28,0,1,4,0,1,0,0,1,0,0,1,1,0,1,
28,0,1,10,0,1,86,0,1,39,0,1,29,0,1,92,0,1,10,0,1,96,0,1,74,0,1,0,0,1,1,0,1,0,0,1,
14,0,1,NULL,NULL,NULL,NULL,NULL,NULL,16,0,1,NULL,NULL,NULL,99,0,1,NULL,NULL,NULL,42,0,1,NULL,NULL,NULL,0,0,1,0,0,1,1,0,1,
27,0,1,12,0,1,11,0,1,82,0,1,46,0,1,77,0,1,42,0,1,63,0.32178217821782173,0.6782178217821783,28,0,1,1,0,1,0,0,1,0,0,1,
90,0,1,NULL,NULL,NULL,NULL,NULL,NULL,59,0.5198019801980197,0.4801980198019803,NULL,NULL,NULL,28,0,1,NULL,NULL,NULL,12,0,1,NULL,NULL,NULL,0,0,1,0,0,1,1,0,1,
18,0,1,98,0,1,13,0,1,5,0,1,77,0,1,47,0,1,78,0,1,14,0,1,66,0.17326732673267325,0.8267326732673268,1,0,1,0,0,1,0,0,1,
37,0,1,NULL,NULL,NULL,NULL,NULL,NULL,87,0,1,NULL,NULL,NULL,60,0.4702970297029702,0.5297029702970297,NULL,NULL,NULL,NULL,NULL,NULL,NULL,NULL,NULL,1,0,1,0,0,1,0,0,1,
75,0,1,2,0,1,NULL,NULL,NULL,25,0,1,NULL,NULL,NULL,41,0,1,NULL,NULL,NULL,81,0,1,NULL,NULL,NULL,0,0,1,0,0,1,1,0,1,
76,0,1,NULL,NULL,NULL,NULL,NULL,NULL,75,0,1,NULL,NULL,NULL,77,0,1,NULL,NULL,NULL,59,0.5198019801980197,0.4801980198019803,NULL,NULL,NULL,0,0,1,1,0,1,0,0,1,
33,0,1,88,0,1,71,0,1,75,0,1,13,0,1,36,0,1,71,0,1,100,0,1,50,0.9653465346534652,0.03465346534653479,0,0,1,0,0,1,1,0,1,
82,0,1,NULL,NULL,NULL,NULL,NULL,NULL,1,0,1,NULL,NULL,NULL,87,0,1,NULL,NULL,NULL,36,0,1,NULL,NULL,NULL,0,0,1,0,0,1,1,0,1,
9,0,1,NULL,NULL,NULL,NULL,NULL,NULL,65,0.22277227722772275,0.7772277227722773,NULL,NULL,NULL,38,0,1,NULL,NULL,NULL,NULL,NULL,NULL,NULL,NULL,NULL,0,0,1,1,0,1,0,0,1,
78,0,1,24,0,1,75,0,1,2,0,1,87,0,1,70,0,1,46,0,1,25,0,1,79,0,1,0,0,1,0,0,1,1,0,1,
20,0,1,10,0,1,4,0,1,17,0,1,89,0,1,6,0,1,82,0,1,47,0,1,79,0,1,0,0,1,1,0,1,0,0,1,
51,0.9158415841584158,0.08415841584158429,66,0.17326732673267325,0.8267326732673268,NULL,NULL,NULL,20,0,1,NULL,NULL,NULL,60,0.4702970297029702,0.5297029702970297,NULL,NULL,NULL,59,0.5198019801980197,0.4801980198019803,NULL,NULL,NULL,0,0,1,0,0,1,1,0,1,
36,0,1,31,0,1,92,0,1,84,0,1,66,0.17326732673267325,0.8267326732673268,93,0,1,52,0.8663366336633662,0.13366336633663378,36,0,1,12,0,1,1,0,1,0,0,1,0,0,1,
100,0,1,40,0,1,59,0.5198019801980197,0.4801980198019803,69,0.02475247524752475,0.9752475247524752,27,0,1,89,0,1,52,0.8663366336633662,0.13366336633663378,58,0.5693069306930693,0.4306930693069308,90,0,1,0,0,1,1,0,1,0,0,1,
7,0,1,39,0,1,63,0.32178217821782173,0.6782178217821783,70,0,1,30,0,1,27,0,1,11,0,1,76,0,1,18,0,1,0,0,1,0,0,1,1,0,1,
58,0.5693069306930693,0.4306930693069308,NULL,NULL,NULL,NULL,NULL,NULL,57,0.6188118811881187,0.38118811881188125,NULL,NULL,NULL,97,0,1,NULL,NULL,NULL,24,0,1,NULL,NULL,NULL,0,0,1,0,0,1,1,0,1,
10,0,1,99,0,1,NULL,NULL,NULL,69,0.02475247524752475,0.9752475247524752,NULL,NULL,NULL,94,0,1,NULL,NULL,NULL,75,0,1,NULL,NULL,NULL,0,0,1,1,0,1,0,0,1,
45,0,1,NULL,NULL,NULL,NULL,NULL,NULL,7,0,1,NULL,NULL,NULL,61,0.4207920792079207,0.5792079207920793,NULL,NULL,NULL,6,0,1,NULL,NULL,NULL,1,0,1,0,0,1,0,0,1,
12,0,1,72,0,1,52,0.8663366336633662,0.13366336633663378,40,0,1,66,0.17326732673267325,0.8267326732673268,13,0,1,99,0,1,47,0,1,64,0.27227722772277224,0.7277227722772278,0,0,1,1,0,1,0,0,1,
14,0,1,77,0,1,NULL,NULL,NULL,17,0,1,NULL,NULL,NULL,90,0,1,NULL,NULL,NULL,32,0,1,NULL,NULL,NULL,0,0,1,0,0,1,1,0,1,
63,0.32178217821782173,0.6782178217821783,33,0,1,68,0.07425742574257424,0.9257425742574258,7,0,1,45,0,1,83,0,1,2,0,1,86,0,1,21,0,1,1,0,1,0,0,1,0,0,1,
67,0.12376237623762375,0.8762376237623762,NULL,NULL,NULL,NULL,NULL,NULL,45,0,1,NULL,NULL,NULL,58,0.5693069306930693,0.4306930693069308,NULL,NULL,NULL,100,0,1,NULL,NULL,NULL,0,0,1,1,0,1,0,0,1,
79,0,1,6,0,1,40,0,1,76,0,1,37,0,1,75,0,1,18,0,1,42,0,1,66,0.17326732673267325,0.8267326732673268,0,0,1,0,0,1,1,0,1,
45,0,1,24,0,1,NULL,NULL,NULL,70,0,1,7,0,1,39,0,1,68,0.07425742574257424,0.9257425742574258,82,0,1,NULL,NULL,NULL,1,0,1,0,0,1,0,0,1,
90,0,1,NULL,NULL,NULL,NULL,NULL,NULL,49,0,1,NULL,NULL,NULL,43,0,1,NULL,NULL,NULL,NULL,NULL,NULL,NULL,NULL,NULL,0,0,1,0,0,1,1,0,1,
43,0,1,14,0,1,82,0,1,36,0,1,91,0,1,93,0,1,68,0.07425742574257424,0.9257425742574258,73,0,1,31,0,1,1,0,1,0,0,1,0,0,1,
43,0,1,53,0.8168316831683167,0.18316831683168328,33,0,1,52,0.8663366336633662,0.13366336633663378,45,0,1,78,0,1,79,0,1,1,0,1,78,0,1,1,0,1,0,0,1,0,0,1,
93,0,1,35,0,1,64,0.27227722772277224,0.7277227722772278,18,0,1,30,0,1,32,0,1,14,0,1,75,0,1,63,0.32178217821782173,0.6782178217821783,0,0,1,1,0,1,0,0,1,
80,0,1,50,0.9653465346534652,0.03465346534653479,NULL,NULL,NULL,77,0,1,NULL,NULL,NULL,75,0,1,NULL,NULL,NULL,52,0.8663366336633662,0.13366336633663378,NULL,NULL,NULL,0,0,1,0,0,1,1,0,1,
64,0.27227722772277224,0.7277227722772278,34,0,1,NULL,NULL,NULL,51,0.9158415841584158,0.08415841584158429,NULL,NULL,NULL,6,0,1,NULL,NULL,NULL,16,0,1,NULL,NULL,NULL,0,0,1,1,0,1,0,0,1,
94,0,1,37,0,1,47,0,1,33,0,1,36,0,1,42,0,1,98,0,1,47,0,1,79,0,1,0,0,1,0,0,1,1,0,1,
42,0,1,NULL,NULL,NULL,NULL,NULL,NULL,55,0.7178217821782177,0.28217821782178226,NULL,NULL,NULL,4,0,1,NULL,NULL,NULL,NULL,NULL,NULL,NULL,NULL,NULL,1,0,1,0,0,1,0,0,1,
78,0,1,87,0,1,79,0,1,11,0,1,56,0.6683168316831682,0.33168316831683176,89,0,1,62,0.37128712871287123,0.6287128712871287,24,0,1,68,0.07425742574257424,0.9257425742574258,0,0,1,1,0,1,0,0,1,
75,0,1,72,0,1,NULL,NULL,NULL,30,0,1,31,0,1,95,0,1,NULL,NULL,NULL,95,0,1,NULL,NULL,NULL,0,0,1,1,0,1,0,0,1,
84,0,1,2,0,1,47,0,1,99,0,1,83,0,1,16,0,1,13,0,1,92,0,1,27,0,1,0,0,1,0,0,1,1,0,1,
98,0,1,99,0,1,69,0.02475247524752475,0.9752475247524752,37,0,1,51,0.9158415841584158,0.08415841584158429,41,0,1,94,0,1,93,0,1,71,0,1,0,0,1,1,0,1,0,0,1,
99,0,1,29,0,1,NULL,NULL,NULL,10,0,1,NULL,NULL,NULL,70,0,1,NULL,NULL,NULL,59,0.5198019801980197,0.4801980198019803,NULL,NULL,NULL,1,0,1,0,0,1,0,0,1,
48,0,1,79,0,1,37,0,1,63,0.32178217821782173,0.6782178217821783,63,0.32178217821782173,0.6782178217821783,43,0,1,56,0.6683168316831682,0.33168316831683176,19,0,1,62,0.37128712871287123,0.6287128712871287,1,0,1,0,0,1,0,0,1,
48,0,1,53,0.8168316831683167,0.18316831683168328,NULL,NULL,NULL,80,0,1,NULL,NULL,NULL,70,0,1,NULL,NULL,NULL,32,0,1,NULL,NULL,NULL,0,0,1,0,0,1,1,0,1,
2,0,1,12,0,1,4,0,1,5,0,1,45,0,1,8,0,1,56,0.6683168316831682,0.33168316831683176,2,0,1,1,0,1,0,0,1,0,0,1,1,0,1,
53,0.8168316831683167,0.18316831683168328,66,0.17326732673267325,0.8267326732673268,NULL,NULL,NULL,16,0,1,NULL,NULL,NULL,96,0,1,NULL,NULL,NULL,99,0,1,NULL,NULL,NULL,1,0,1,0,0,1,0,0,1,
57,0.6188118811881187,0.38118811881188125,71,0,1,11,0,1,65,0.22277227722772275,0.7772277227722773,14,0,1,41,0,1,49,0,1,38,0,1,98,0,1,0,0,1,1,0,1,0,0,1,
72,0,1,NULL,NULL,NULL,NULL,NULL,NULL,65,0.22277227722772275,0.7772277227722773,NULL,NULL,NULL,98,0,1,NULL,NULL,NULL,50,0.9653465346534652,0.03465346534653479,NULL,NULL,NULL,0,0,1,0,0,1,1,0,1,
30,0,1,13,0,1,78,0,1,83,0,1,46,0,1,23,0,1,33,0,1,70,0,1,41,0,1,1,0,1,0,0,1,0,0,1,
76,0,1,6,0,1,32,0,1,36,0,1,44,0,1,15,0,1,32,0,1,51,0.9158415841584158,0.08415841584158429,22,0,1,0,0,1,0,0,1,1,0,1,
24,0,1,39,0,1,NULL,NULL,NULL,90,0,1,36,0,1,32,0,1,NULL,NULL,NULL,25,0,1,NULL,NULL,NULL,1,0,1,0,0,1,0,0,1,
11,0,1,68,0.07425742574257424,0.9257425742574258,41,0,1,59,0.5198019801980197,0.4801980198019803,62,0.37128712871287123,0.6287128712871287,26,0,1,58,0.5693069306930693,0.4306930693069308,48,0,1,23,0,1,1,0,1,0,0,1,0,0,1,
30,0,1,91,0,1,63,0.32178217821782173,0.6782178217821783,60,0.4702970297029702,0.5297029702970297,75,0,1,17,0,1,46,0,1,35,0,1,46,0,1,0,0,1,0,0,1,1,0,1,
67,0.12376237623762375,0.8762376237623762,54,0.7673267326732672,0.23267326732673277,NULL,NULL,NULL,2,0,1,36,0,1,13,0,1,NULL,NULL,NULL,33,0,1,NULL,NULL,NULL,0,0,1,0,0,1,1,0,1,
76,0,1,61,0.4207920792079207,0.5792079207920793,NULL,NULL,NULL,97,0,1,50,0.9653465346534652,0.03465346534653479,44,0,1,29,0,1,54,0.7673267326732672,0.23267326732673277,51,0.9158415841584158,0.08415841584158429,0,0,1,1,0,1,0,0,1,
20,0,1,29,0,1,20,0,1,69,0.02475247524752475,0.9752475247524752,11,0,1,76,0,1,98,0,1,43,0,1,63,0.32178217821782173,0.6782178217821783,0,0,1,1,0,1,0,0,1,
70,0,1,91,0,1,NULL,NULL,NULL,19,0,1,42,0,1,54,0.7673267326732672,0.23267326732673277,NULL,NULL,NULL,78,0,1,NULL,NULL,NULL,0,0,1,0,0,1,1,0,1,
99,0,1,44,0,1,77,0,1,42,0,1,73,0,1,42,0,1,64,0.27227722772277224,0.7277227722772278,83,0,1,62,0.37128712871287123,0.6287128712871287,0,0,1,0,0,1,1,0,1,
33,0,1,59,0.5198019801980197,0.4801980198019803,49,0,1,22,0,1,60,0.4702970297029702,0.5297029702970297,81,0,1,80,0,1,70,0,1,67,0.12376237623762375,0.8762376237623762,0,0,1,1,0,1,0,0,1,
12,0,1,8,0,1,94,0,1,41,0,1,10,0,1,75,0,1,53,0.8168316831683167,0.18316831683168328,58,0.5693069306930693,0.4306930693069308,83,0,1,0,0,1,0,0,1,1,0,1,
26,0,1,64,0.27227722772277224,0.7277227722772278,42,0,1,20,0,1,92,0,1,10,0,1,29,0,1,11,0,1,10,0,1,0,0,1,1,0,1,0,0,1,
